search_ingredient,returned_ingredient,reason
beef mince,NZ Diced Beef,INCLUDE 'mince' missing
beef mince,NZ Stir Fry Beef,INCLUDE 'mince' missing
canned tomatoes,Tomatoes Chopped In Puree,EXCLUDE hit: ['puree']
canned tomatoes,Organic Cherry Tomatoes,EXCLUDE hit: ['cherry']
canned tomatoes,Whole Cherry Italian Tomatoes in Thick Tomato Juice,EXCLUDE hit: ['cherry']
canned tomatoes,Cherry Tomatoes,EXCLUDE hit: ['cherry']
onion,Onion Soup Mix Sachet,EXCLUDE hit: ['sachet']
onion,French Onion Soup Mix Sachet,EXCLUDE hit: ['sachet']
onion,Naturals Eco Onion Powder Fine,EXCLUDE hit: ['powder']
carrot,"Steam Fresh Broccoli, Carrots & Baby Peas Vege Mix",EXCLUDE hit: ['baby']
carrot,Baby Carrots,EXCLUDE hit: ['baby']
garlic,Naturals Eco Garlic Powder,EXCLUDE hit: ['powder']
garlic,Tomato & Garlic Pasta Sauce,EXCLUDE hit: ['paste']
mixed herbs,Mixed Herb Blend,EXCLUDE hit: ['blend']
mixed herbs,Mixed Herb Blend,EXCLUDE hit: ['blend']
mixed herbs,Deli Garlic Herb Broccoli Seasoned Sides,EXCLUDE hit: ['seasoning']
beef mince,Pork & Beef Mince,EXCLUDE hit: ['pork']
beef mince,NZ Diced Beef,INCLUDE 'mince' missing
beef mince,NZ Stir Fry Beef,INCLUDE 'mince' missing
canned tomatoes,Italian Cherry Tomatoes,EXCLUDE hit: ['cherry']
canned tomatoes,Tomatoes Chopped In Puree,EXCLUDE hit: ['puree']
canned tomatoes,Organic Cherry Tomatoes,EXCLUDE hit: ['cherry']
canned tomatoes,Whole Cherry Italian Tomatoes in Thick Tomato Juice,EXCLUDE hit: ['cherry']
canned tomatoes,Cherry Tomatoes,EXCLUDE hit: ['cherry']
onion,Onion Soup Mix Sachet,EXCLUDE hit: ['sachet']
onion,French Onion Soup Mix Sachet,EXCLUDE hit: ['sachet']
carrot,Baby Carrots & Whole Baby Beans,EXCLUDE hit: ['baby']
carrot,Baby Carrots,EXCLUDE hit: ['baby']
garlic,Tomato & Garlic Pasta Sauce,EXCLUDE hit: ['paste']
mixed herbs,Mixed Herb Blend,EXCLUDE hit: ['blend']
mixed herbs,Mixed Salad,INCLUDE 'herbs' missing
mixed herbs,Mixed Herb Blend,EXCLUDE hit: ['blend']
mixed herbs,Deli Garlic Herb Broccoli Seasoned Sides,EXCLUDE hit: ['seasoning']
beef mince,NZ Diced Beef,INCLUDE 'mince' missing
beef mince,NZ Stir Fry Beef,INCLUDE 'mince' missing
canned tomatoes,Italian Cherry Tomatoes,EXCLUDE hit: ['cherry']
canned tomatoes,Organic Cherry Tomatoes,EXCLUDE hit: ['cherry']
canned tomatoes,Whole Cherry Italian Tomatoes in Thick Tomato Juice,EXCLUDE hit: ['cherry']
canned tomatoes,Cherry Tomatoes,EXCLUDE hit: ['cherry']
onion,Onion Soup Mix Sachet,EXCLUDE hit: ['sachet']
onion,French Onion Soup Mix Sachet,EXCLUDE hit: ['sachet']
onion,Naturals Eco Onion Powder Fine,EXCLUDE hit: ['powder']
carrot,Organic Carrot Juice,"EXCLUDE hit: ['juice', 'organic']"
garlic,Naturals Eco Garlic Powder,EXCLUDE hit: ['powder']
garlic,Tomato & Garlic Pasta Sauce,EXCLUDE hit: ['paste']
mixed herbs,Mixed Herb Blend,EXCLUDE hit: ['blend']
mixed herbs,Mixed Salad,INCLUDE 'herbs' missing
mixed herbs,Mixed Herb Blend,EXCLUDE hit: ['blend']
beef mince,woolworths pork & beef mince ,EXCLUDE hit: ['pork']
beef mince,woolworths beef smash burgers,INCLUDE 'mince' missing
beef mince,woolworths beef stacker burgers,INCLUDE 'mince' missing
beef mince,woolworths value beef burgers,INCLUDE 'mince' missing
beef mince,woolworths beef angus quarter pounder,INCLUDE 'mince' missing
beef mince,woolworths nz beef meatballs ,INCLUDE 'mince' missing
beef mince,woolworths nz beef burgers classic,INCLUDE 'mince' missing
beef mince,silver fern farms honest beef burgers with smoky caramelized onion,INCLUDE 'mince' missing
beef mince,woolworths beef meatballs angus,INCLUDE 'mince' missing
beef mince,woolworths beef & pork meatballs ,INCLUDE 'mince' missing
beef mince,silver fern farms honest beef & lamb burgers with manuka smoked salt,INCLUDE 'mince' missing
beef mince,first light meatballs wagyu beef,INCLUDE 'mince' missing
beef mince,silver fern farms burgers beef & venison chilli & lime,INCLUDE 'mince' missing
spaghetti pasta,san remo pasta elbow italian no. 35,INCLUDE 'spaghetti' missing
spaghetti pasta,san remo pasta trivelle,INCLUDE 'spaghetti' missing
spaghetti pasta,san remo pasta penne no. 18,INCLUDE 'spaghetti' missing
spaghetti pasta,san remo pasta curly fettuccine no. 80,INCLUDE 'spaghetti' missing
spaghetti pasta,essentials pasta penne,INCLUDE 'spaghetti' missing
spaghetti pasta,woolworths pasta penne rigate,INCLUDE 'spaghetti' missing
canned tomatoes,delmaine flavoured tomatoes italian cherry,EXCLUDE hit: ['cherry']
onion,woolworths onion powder ,EXCLUDE hit: ['powder']
onion,gregg's onion powder ,EXCLUDE hit: ['powder']
onion,mrs rogers eco organic onion powder ,EXCLUDE hit: ['powder']
carrot,fresh vegetable carrots petite baby,EXCLUDE hit: ['baby']
carrot,fresh vegetable carrots organic,EXCLUDE hit: ['organic']
carrot,macro organic fresh vegetable carrots ,EXCLUDE hit: ['organic']
carrot,woolworths frozen baby carrots ,EXCLUDE hit: ['baby']
garlic,gourmet garden fresh vegetable garlic paste,EXCLUDE hit: ['paste']
garlic,mingle the iconic duo garlic & herb mix natural seasoning,EXCLUDE hit: ['seasoning']
garlic,gourmet garden fresh vegetable garlic paste,EXCLUDE hit: ['paste']
garlic,woolworths garlic powder,EXCLUDE hit: ['powder']
garlic,gregg's garlic powder ,EXCLUDE hit: ['powder']
garlic,mrs rogers eco organic garlic powder ,EXCLUDE hit: ['powder']
mixed herbs,gourmet garden fresh vegetable basil lightly dried,INCLUDE 'herbs' missing
mixed herbs,gourmet garden fresh vegetable parsley lightly dried,INCLUDE 'herbs' missing
mixed herbs,gourmet garden fresh vegetable coriander lightly dried,INCLUDE 'herbs' missing
mixed herbs,gourmet garden fresh vegetable chilli lightly dried,INCLUDE 'herbs' missing
mixed herbs,woolworths oregano flaked leaves,INCLUDE 'herbs' missing
mixed herbs,woolworths rosemary flaked leaves,INCLUDE 'herbs' missing
mixed herbs,woolworths thyme flaked leaves,INCLUDE 'herbs' missing
mixed herbs,woolworths parsley flakes,INCLUDE 'herbs' missing
mixed herbs,woolworths basil flaked leaves,INCLUDE 'herbs' missing
mixed herbs,masterfoods onion salt blend,INCLUDE 'herbs' missing
mixed herbs,masterfoods all purpose seasoning blend,INCLUDE 'herbs' missing
mixed herbs,greggs parsley rubbed,INCLUDE 'herbs' missing
beef mince,woolworths pork & beef mince ,EXCLUDE hit: ['pork']
beef mince,woolworths beef smash burgers,INCLUDE 'mince' missing
beef mince,woolworths beef stacker burgers,INCLUDE 'mince' missing
beef mince,woolworths value beef burgers,INCLUDE 'mince' missing
beef mince,woolworths beef angus quarter pounder,INCLUDE 'mince' missing
beef mince,woolworths nz beef meatballs ,INCLUDE 'mince' missing
beef mince,woolworths nz beef burgers mini sliders,INCLUDE 'mince' missing
beef mince,woolworths nz beef burgers classic,INCLUDE 'mince' missing
beef mince,silver fern farms honest beef burgers with smoky caramelized onion,INCLUDE 'mince' missing
beef mince,woolworths beef & pork meatballs ,INCLUDE 'mince' missing
beef mince,silver fern farms honest beef & lamb burgers with manuka smoked salt,INCLUDE 'mince' missing
beef mince,first light meatballs wagyu beef,INCLUDE 'mince' missing
beef mince,silver fern farms burgers beef & venison chilli & lime,INCLUDE 'mince' missing
spaghetti pasta,san remo pasta elbow italian no. 35,INCLUDE 'spaghetti' missing
spaghetti pasta,san remo pasta trivelle,INCLUDE 'spaghetti' missing
spaghetti pasta,san remo pasta large spirals no. 53,INCLUDE 'spaghetti' missing
spaghetti pasta,san remo pasta penne no. 18,INCLUDE 'spaghetti' missing
spaghetti pasta,san remo pasta curly fettuccine no. 80,INCLUDE 'spaghetti' missing
canned tomatoes,delmaine flavoured tomatoes italian cherry,EXCLUDE hit: ['cherry']
onion,woolworths onion powder ,EXCLUDE hit: ['powder']
onion,mrs rogers eco organic onion powder ,EXCLUDE hit: ['powder']
carrot,fresh vegetable carrots petite baby,EXCLUDE hit: ['baby']
carrot,fresh vegetable carrots organic,EXCLUDE hit: ['organic']
carrot,macro organic fresh vegetable carrots ,EXCLUDE hit: ['organic']
carrot,woolworths frozen baby carrots ,EXCLUDE hit: ['baby']
garlic,gourmet garden fresh vegetable garlic paste,EXCLUDE hit: ['paste']
garlic,mingle the iconic duo garlic & herb mix natural seasoning,EXCLUDE hit: ['seasoning']
garlic,gourmet garden fresh vegetable garlic paste,EXCLUDE hit: ['paste']
garlic,woolworths garlic powder,EXCLUDE hit: ['powder']
garlic,mrs rogers eco organic garlic powder ,EXCLUDE hit: ['powder']
mixed herbs,gourmet garden fresh vegetable basil lightly dried,INCLUDE 'herbs' missing
mixed herbs,gourmet garden fresh vegetable parsley lightly dried,INCLUDE 'herbs' missing
mixed herbs,gourmet garden fresh vegetable coriander lightly dried,INCLUDE 'herbs' missing
mixed herbs,gourmet garden fresh vegetable chilli lightly dried,INCLUDE 'herbs' missing
mixed herbs,woolworths oregano flaked leaves,INCLUDE 'herbs' missing
mixed herbs,woolworths rosemary flaked leaves,INCLUDE 'herbs' missing
mixed herbs,woolworths thyme flaked leaves,INCLUDE 'herbs' missing
mixed herbs,woolworths parsley flakes,INCLUDE 'herbs' missing
mixed herbs,woolworths basil flaked leaves,INCLUDE 'herbs' missing
mixed herbs,masterfoods onion salt blend,INCLUDE 'herbs' missing
mixed herbs,masterfoods all purpose seasoning blend,INCLUDE 'herbs' missing
beef mince,woolworths pork & beef mince ,EXCLUDE hit: ['pork']
beef mince,woolworths beef stacker burgers,INCLUDE 'mince' missing
beef mince,woolworths beef angus quarter pounder,INCLUDE 'mince' missing
beef mince,woolworths nz beef meatballs ,INCLUDE 'mince' missing
beef mince,woolworths nz beef burgers mini sliders,INCLUDE 'mince' missing
beef mince,woolworths nz beef burgers classic,INCLUDE 'mince' missing
beef mince,silver fern farms honest beef burgers with smoky caramelized onion,INCLUDE 'mince' missing
beef mince,woolworths beef & pork meatballs ,INCLUDE 'mince' missing
beef mince,silver fern farms honest beef & lamb burgers with manuka smoked salt,INCLUDE 'mince' missing
beef mince,first light meatballs wagyu beef,INCLUDE 'mince' missing
beef mince,silver fern farms burgers beef & venison chilli & lime,INCLUDE 'mince' missing
beef mince,woolworths sausages angus beef,INCLUDE 'mince' missing
spaghetti pasta,san remo pasta elbow italian no. 35,INCLUDE 'spaghetti' missing
spaghetti pasta,san remo pasta trivelle,INCLUDE 'spaghetti' missing
spaghetti pasta,san remo pasta large spirals no. 53,INCLUDE 'spaghetti' missing
spaghetti pasta,san remo pasta penne no. 18,INCLUDE 'spaghetti' missing
spaghetti pasta,san remo pasta curly fettuccine no. 80,INCLUDE 'spaghetti' missing
canned tomatoes,delmaine flavoured tomatoes italian cherry,EXCLUDE hit: ['cherry']
onion,woolworths onion powder ,EXCLUDE hit: ['powder']
onion,mrs rogers eco organic onion powder ,EXCLUDE hit: ['powder']
carrot,fresh vegetable carrots petite baby,EXCLUDE hit: ['baby']
carrot,fresh vegetable carrots organic,EXCLUDE hit: ['organic']
carrot,macro organic fresh vegetable carrots ,EXCLUDE hit: ['organic']
carrot,woolworths frozen baby carrots ,EXCLUDE hit: ['baby']
garlic,gourmet garden fresh vegetable garlic paste,EXCLUDE hit: ['paste']
garlic,mingle the iconic duo garlic & herb mix natural seasoning,EXCLUDE hit: ['seasoning']
garlic,gourmet garden fresh vegetable garlic paste,EXCLUDE hit: ['paste']
garlic,woolworths garlic powder,EXCLUDE hit: ['powder']
garlic,mrs rogers eco organic garlic powder ,EXCLUDE hit: ['powder']
mixed herbs,gourmet garden fresh vegetable basil lightly dried,INCLUDE 'herbs' missing
mixed herbs,gourmet garden fresh vegetable parsley lightly dried,INCLUDE 'herbs' missing
mixed herbs,gourmet garden fresh vegetable coriander lightly dried,INCLUDE 'herbs' missing
mixed herbs,gourmet garden fresh vegetable chilli lightly dried,INCLUDE 'herbs' missing
mixed herbs,woolworths oregano flaked leaves,INCLUDE 'herbs' missing
mixed herbs,woolworths rosemary flaked leaves,INCLUDE 'herbs' missing
mixed herbs,woolworths thyme flaked leaves,INCLUDE 'herbs' missing
mixed herbs,woolworths parsley flakes,INCLUDE 'herbs' missing
mixed herbs,woolworths basil flaked leaves,INCLUDE 'herbs' missing
mixed herbs,masterfoods onion salt blend,INCLUDE 'herbs' missing
mixed herbs,masterfoods all purpose seasoning blend,INCLUDE 'herbs' missing
beef mince,woolworths pork & beef mince ,EXCLUDE hit: ['pork']
beef mince,woolworths beef stacker burgers,INCLUDE 'mince' missing
beef mince,woolworths beef angus quarter pounder,INCLUDE 'mince' missing
beef mince,woolworths nz beef meatballs ,INCLUDE 'mince' missing
beef mince,woolworths nz beef burgers mini sliders,INCLUDE 'mince' missing
beef mince,woolworths nz beef burgers classic,INCLUDE 'mince' missing
beef mince,silver fern farms honest beef burgers with smoky caramelized onion,INCLUDE 'mince' missing
beef mince,woolworths beef & pork meatballs ,INCLUDE 'mince' missing
beef mince,silver fern farms honest beef & lamb burgers with manuka smoked salt,INCLUDE 'mince' missing
beef mince,first light meatballs wagyu beef,INCLUDE 'mince' missing
beef mince,silver fern farms burgers beef & venison chilli & lime,INCLUDE 'mince' missing
beef mince,woolworths sausages angus beef,INCLUDE 'mince' missing
spaghetti pasta,san remo pasta elbow italian no. 35,INCLUDE 'spaghetti' missing
spaghetti pasta,san remo pasta trivelle,INCLUDE 'spaghetti' missing
spaghetti pasta,san remo pasta large spirals no. 53,INCLUDE 'spaghetti' missing
spaghetti pasta,san remo pasta penne no. 18,INCLUDE 'spaghetti' missing
canned tomatoes,delmaine flavoured tomatoes italian cherry,EXCLUDE hit: ['cherry']
onion,woolworths onion powder ,EXCLUDE hit: ['powder']
onion,mrs rogers eco organic onion powder ,EXCLUDE hit: ['powder']
carrot,fresh vegetable carrots petite baby,EXCLUDE hit: ['baby']
carrot,fresh vegetable carrots organic,EXCLUDE hit: ['organic']
carrot,macro organic fresh vegetable carrots ,EXCLUDE hit: ['organic']
garlic,gourmet garden fresh vegetable garlic paste,EXCLUDE hit: ['paste']
garlic,mingle the iconic duo garlic & herb mix natural seasoning,EXCLUDE hit: ['seasoning']
garlic,gourmet garden fresh vegetable garlic paste,EXCLUDE hit: ['paste']
garlic,woolworths garlic powder,EXCLUDE hit: ['powder']
garlic,mrs rogers eco organic garlic powder ,EXCLUDE hit: ['powder']
mixed herbs,gourmet garden fresh vegetable basil lightly dried,INCLUDE 'herbs' missing
mixed herbs,gourmet garden fresh vegetable parsley lightly dried,INCLUDE 'herbs' missing
mixed herbs,gourmet garden fresh vegetable coriander lightly dried,INCLUDE 'herbs' missing
mixed herbs,gourmet garden fresh vegetable chilli lightly dried,INCLUDE 'herbs' missing
mixed herbs,woolworths oregano flaked leaves,INCLUDE 'herbs' missing
mixed herbs,woolworths rosemary flaked leaves,INCLUDE 'herbs' missing
mixed herbs,woolworths thyme flaked leaves,INCLUDE 'herbs' missing
mixed herbs,woolworths parsley flakes,INCLUDE 'herbs' missing
mixed herbs,woolworths basil flaked leaves,INCLUDE 'herbs' missing
mixed herbs,masterfoods onion salt blend,INCLUDE 'herbs' missing
mixed herbs,masterfoods all purpose seasoning blend,INCLUDE 'herbs' missing
beef mince,woolworths pork & beef mince ,EXCLUDE hit: ['pork']
beef mince,woolworths beef smash burgers,INCLUDE 'mince' missing
beef mince,woolworths beef stacker burgers,INCLUDE 'mince' missing
beef mince,woolworths beef angus quarter pounder,INCLUDE 'mince' missing
beef mince,woolworths nz beef meatballs ,INCLUDE 'mince' missing
beef mince,woolworths nz beef burgers mini sliders,INCLUDE 'mince' missing
beef mince,woolworths nz beef burgers classic,INCLUDE 'mince' missing
beef mince,silver fern farms honest beef burgers with smoky caramelized onion,INCLUDE 'mince' missing
beef mince,woolworths beef meatballs angus,INCLUDE 'mince' missing
beef mince,woolworths beef & pork meatballs ,INCLUDE 'mince' missing
beef mince,silver fern farms honest beef & lamb burgers with manuka smoked salt,INCLUDE 'mince' missing
beef mince,first light meatballs wagyu beef,INCLUDE 'mince' missing
beef mince,silver fern farms burgers beef & venison chilli & lime,INCLUDE 'mince' missing
spaghetti pasta,san remo pasta elbow italian no. 35,INCLUDE 'spaghetti' missing
spaghetti pasta,san remo pasta trivelle,INCLUDE 'spaghetti' missing
spaghetti pasta,san remo pasta large spirals no. 53,INCLUDE 'spaghetti' missing
spaghetti pasta,san remo pasta penne no. 18,INCLUDE 'spaghetti' missing
spaghetti pasta,san remo pasta curly fettuccine no. 80,INCLUDE 'spaghetti' missing
canned tomatoes,delmaine flavoured tomatoes italian cherry,EXCLUDE hit: ['cherry']
onion,woolworths onion powder ,EXCLUDE hit: ['powder']
onion,mrs rogers eco organic onion powder ,EXCLUDE hit: ['powder']
carrot,fresh vegetable carrots petite baby,EXCLUDE hit: ['baby']
carrot,fresh vegetable carrots organic,EXCLUDE hit: ['organic']
carrot,macro organic fresh vegetable carrots ,EXCLUDE hit: ['organic']
carrot,woolworths frozen baby carrots ,EXCLUDE hit: ['baby']
garlic,gourmet garden fresh vegetable garlic paste,EXCLUDE hit: ['paste']
garlic,mingle the iconic duo garlic & herb mix natural seasoning,EXCLUDE hit: ['seasoning']
garlic,gourmet garden fresh vegetable garlic paste,EXCLUDE hit: ['paste']
garlic,woolworths garlic powder,EXCLUDE hit: ['powder']
garlic,mrs rogers eco organic garlic powder ,EXCLUDE hit: ['powder']
mixed herbs,gourmet garden fresh vegetable basil lightly dried,INCLUDE 'herbs' missing
mixed herbs,gourmet garden fresh vegetable parsley lightly dried,INCLUDE 'herbs' missing
mixed herbs,gourmet garden fresh vegetable coriander lightly dried,INCLUDE 'herbs' missing
mixed herbs,gourmet garden fresh vegetable chilli lightly dried,INCLUDE 'herbs' missing
mixed herbs,woolworths oregano flaked leaves,INCLUDE 'herbs' missing
mixed herbs,woolworths rosemary flaked leaves,INCLUDE 'herbs' missing
mixed herbs,woolworths thyme flaked leaves,INCLUDE 'herbs' missing
mixed herbs,woolworths parsley flakes,INCLUDE 'herbs' missing
mixed herbs,woolworths basil flaked leaves,INCLUDE 'herbs' missing
mixed herbs,masterfoods onion salt blend,INCLUDE 'herbs' missing
mixed herbs,masterfoods all purpose seasoning blend,INCLUDE 'herbs' missing
beef mince,woolworths pork & beef mince ,EXCLUDE hit: ['pork']
beef mince,woolworths beef smash burgers,INCLUDE 'mince' missing
beef mince,woolworths beef stacker burgers,INCLUDE 'mince' missing
beef mince,woolworths beef angus quarter pounder,INCLUDE 'mince' missing
beef mince,woolworths nz beef meatballs ,INCLUDE 'mince' missing
beef mince,woolworths nz beef burgers mini sliders,INCLUDE 'mince' missing
beef mince,woolworths nz beef burgers classic,INCLUDE 'mince' missing
beef mince,silver fern farms honest beef burgers with smoky caramelized onion,INCLUDE 'mince' missing
beef mince,woolworths beef meatballs angus,INCLUDE 'mince' missing
beef mince,woolworths beef & pork meatballs ,INCLUDE 'mince' missing
beef mince,silver fern farms honest beef & lamb burgers with manuka smoked salt,INCLUDE 'mince' missing
beef mince,first light meatballs wagyu beef,INCLUDE 'mince' missing
spaghetti pasta,san remo pasta elbow italian no. 35,INCLUDE 'spaghetti' missing
spaghetti pasta,san remo pasta trivelle,INCLUDE 'spaghetti' missing
spaghetti pasta,san remo pasta large spirals no. 53,INCLUDE 'spaghetti' missing
spaghetti pasta,san remo pasta penne no. 18,INCLUDE 'spaghetti' missing
spaghetti pasta,san remo pasta curly fettuccine no. 80,INCLUDE 'spaghetti' missing
canned tomatoes,delmaine flavoured tomatoes italian cherry,EXCLUDE hit: ['cherry']
onion,woolworths onion powder ,EXCLUDE hit: ['powder']
onion,mrs rogers eco organic onion powder ,EXCLUDE hit: ['powder']
carrot,fresh vegetable carrots petite baby,EXCLUDE hit: ['baby']
carrot,fresh vegetable carrots organic,EXCLUDE hit: ['organic']
carrot,macro organic fresh vegetable carrots ,EXCLUDE hit: ['organic']
carrot,woolworths frozen baby carrots ,EXCLUDE hit: ['baby']
garlic,gourmet garden fresh vegetable garlic paste,EXCLUDE hit: ['paste']
garlic,mingle the iconic duo garlic & herb mix natural seasoning,EXCLUDE hit: ['seasoning']
garlic,gourmet garden fresh vegetable garlic paste,EXCLUDE hit: ['paste']
garlic,woolworths garlic powder,EXCLUDE hit: ['powder']
garlic,mrs rogers eco organic garlic powder ,EXCLUDE hit: ['powder']
mixed herbs,gourmet garden fresh vegetable basil lightly dried,INCLUDE 'herbs' missing
mixed herbs,gourmet garden fresh vegetable parsley lightly dried,INCLUDE 'herbs' missing
mixed herbs,gourmet garden fresh vegetable coriander lightly dried,INCLUDE 'herbs' missing
mixed herbs,gourmet garden fresh vegetable chilli lightly dried,INCLUDE 'herbs' missing
mixed herbs,woolworths oregano flaked leaves,INCLUDE 'herbs' missing
mixed herbs,woolworths rosemary flaked leaves,INCLUDE 'herbs' missing
mixed herbs,woolworths thyme flaked leaves,INCLUDE 'herbs' missing
mixed herbs,woolworths parsley flakes,INCLUDE 'herbs' missing
mixed herbs,woolworths basil flaked leaves,INCLUDE 'herbs' missing
mixed herbs,masterfoods onion salt blend,INCLUDE 'herbs' missing
mixed herbs,masterfoods all purpose seasoning blend,INCLUDE 'herbs' missing
beef mince,woolworths pork & beef mince ,EXCLUDE hit: ['pork']
beef mince,woolworths beef smash burgers,INCLUDE 'mince' missing
beef mince,woolworths beef stacker burgers,INCLUDE 'mince' missing
beef mince,woolworths value beef burgers,INCLUDE 'mince' missing
beef mince,woolworths beef angus quarter pounder,INCLUDE 'mince' missing
beef mince,woolworths nz beef meatballs ,INCLUDE 'mince' missing
beef mince,woolworths nz beef burgers mini sliders,INCLUDE 'mince' missing
beef mince,woolworths nz beef burgers classic,INCLUDE 'mince' missing
beef mince,silver fern farms honest beef burgers with smoky caramelized onion,INCLUDE 'mince' missing
beef mince,woolworths beef & pork meatballs ,INCLUDE 'mince' missing
beef mince,silver fern farms honest beef & lamb burgers with manuka smoked salt,INCLUDE 'mince' missing
beef mince,first light meatballs wagyu beef,INCLUDE 'mince' missing
spaghetti pasta,san remo pasta elbow italian no. 35,INCLUDE 'spaghetti' missing
spaghetti pasta,san remo pasta trivelle,INCLUDE 'spaghetti' missing
spaghetti pasta,san remo pasta large spirals no. 53,INCLUDE 'spaghetti' missing
spaghetti pasta,san remo pasta penne no. 18,INCLUDE 'spaghetti' missing
canned tomatoes,delmaine flavoured tomatoes italian cherry,EXCLUDE hit: ['cherry']
onion,woolworths onion powder ,EXCLUDE hit: ['powder']
onion,mrs rogers eco organic onion powder ,EXCLUDE hit: ['powder']
carrot,fresh vegetable carrots petite baby,EXCLUDE hit: ['baby']
carrot,fresh vegetable carrots organic,EXCLUDE hit: ['organic']
carrot,macro organic fresh vegetable carrots ,EXCLUDE hit: ['organic']
carrot,woolworths frozen baby carrots ,EXCLUDE hit: ['baby']
garlic,gourmet garden fresh vegetable garlic paste,EXCLUDE hit: ['paste']
garlic,mingle the iconic duo garlic & herb mix natural seasoning,EXCLUDE hit: ['seasoning']
garlic,gourmet garden fresh vegetable garlic paste,EXCLUDE hit: ['paste']
garlic,woolworths garlic powder,EXCLUDE hit: ['powder']
garlic,mrs rogers eco organic garlic powder ,EXCLUDE hit: ['powder']
mixed herbs,gourmet garden fresh vegetable basil lightly dried,INCLUDE 'herbs' missing
mixed herbs,gourmet garden fresh vegetable parsley lightly dried,INCLUDE 'herbs' missing
mixed herbs,gourmet garden fresh vegetable coriander lightly dried,INCLUDE 'herbs' missing
mixed herbs,gourmet garden fresh vegetable chilli lightly dried,INCLUDE 'herbs' missing
mixed herbs,woolworths oregano flaked leaves,INCLUDE 'herbs' missing
mixed herbs,woolworths rosemary flaked leaves,INCLUDE 'herbs' missing
mixed herbs,woolworths thyme flaked leaves,INCLUDE 'herbs' missing
mixed herbs,woolworths parsley flakes,INCLUDE 'herbs' missing
mixed herbs,woolworths basil flaked leaves,INCLUDE 'herbs' missing
mixed herbs,masterfoods onion salt blend,INCLUDE 'herbs' missing
mixed herbs,masterfoods all purpose seasoning blend,INCLUDE 'herbs' missing
