company,store,store_id,search_ingredient,returned_ingredient,price,quantity,measurement_unit,per_unit_quantity,per_unit_price,is_sale,sku,department,sub_department,datetime_created,date_created,pk_hash
PaknSave,PAK'nSAVE Botany,60561e46-ece7-43a7-b142-9b14812586e4,beef mince,Gluten Free Sweet & Spicy Minced Beef Ready Sauce,2.79,120,g,100g,2.33,False,5343415-EA-000,Pantry,"Cooking Sauces, Stocks & Marinades",2026-08-03 20:02:00,2026-08-03,f0d19438c132ba41
PaknSave,PAK'nSAVE Botany,60561e46-ece7-43a7-b142-9b14812586e4,beef mince,Beef Mince & Cheese Pie,5.55,200,g,100g,2.78,True,5349244-EA-000,"Fridge, Deli & Eggs",Chilled Soups & Ready Meals,2026-08-03 20:02:00,2026-08-03,14ab82e6afa94476
PaknSave,PAK'nSAVE Botany,60561e46-ece7-43a7-b142-9b14812586e4,beef mince,Beef Mince,8.99,340,g,1kg,26.44,False,5349090-EA-000,"Meat, Poultry & Seafood",Beef,2026-08-03 20:02:00,2026-08-03,66953d238b79969f
PaknSave,PAK'nSAVE Botany,60561e46-ece7-43a7-b142-9b14812586e4,beef mince,NZ Beef Mince,18.99,1,kg,1kg,18.99,False,5104350-KGM-000,"Meat, Poultry & Seafood","Beef|Mince, Sausages & Meatballs",2026-08-03 20:02:00,2026-08-03,a1b17de50db0a2b1
PaknSave,PAK'nSAVE Botany,60561e46-ece7-43a7-b142-9b14812586e4,beef mince,NZ Beef Prime Mince,23.99,1,kg,1kg,23.99,False,5125914-KGM-000,"Meat, Poultry & Seafood","Beef|Mince, Sausages & Meatballs",2026-08-03 20:02:00,2026-08-03,29872e2a9ca00451
PaknSave,PAK'nSAVE Botany,60561e46-ece7-43a7-b142-9b14812586e4,beef mince,NZ Premium Beef Mince,26.99,1,kg,1kg,26.99,False,5101189-KGM-000,"Meat, Poultry & Seafood","Beef|Mince, Sausages & Meatballs",2026-08-03 20:02:00,2026-08-03,97e57c117acad4d0
PaknSave,PAK'nSAVE Botany,60561e46-ece7-43a7-b142-9b14812586e4,beef mince,NZ Diced Beef,28.99,1,kg,1kg,28.99,False,5104061-KGM-000,"Meat, Poultry & Seafood",Beef,2026-08-03 20:02:00,2026-08-03,2516da06ca4f83aa
PaknSave,PAK'nSAVE Botany,60561e46-ece7-43a7-b142-9b14812586e4,beef mince,Bulgogi Beef,29.99,1,kg,1kg,29.99,False,5117140-KGM-000,"Meat, Poultry & Seafood",Beef,2026-08-03 20:02:00,2026-08-03,a86cea1b204cee9c
PaknSave,PAK'nSAVE Botany,60561e46-ece7-43a7-b142-9b14812586e4,beef mince,NZ Stir Fry Beef,31.99,1,kg,1kg,31.99,False,5102202-KGM-000,"Meat, Poultry & Seafood",Beef,2026-08-03 20:02:00,2026-08-03,6e82a606a5886b1b
PaknSave,PAK'nSAVE Botany,60561e46-ece7-43a7-b142-9b14812586e4,spaghetti pasta,Spaghetti,0.99,400,g,100g,0.25,True,5319769-EA-000,Pantry,"Pasta, Rice & Noodles",2026-08-03 20:02:00,2026-08-03,f43c64a7514f85e1
PaknSave,PAK'nSAVE Botany,60561e46-ece7-43a7-b142-9b14812586e4,spaghetti pasta,Wholemeal Spaghetti Pasta,2.59,500,g,100g,0.52,False,5038063-EA-000,Pantry,"Pasta, Rice & Noodles",2026-08-03 20:02:00,2026-08-03,8aabd1dfcb348a07
PaknSave,PAK'nSAVE Botany,60561e46-ece7-43a7-b142-9b14812586e4,spaghetti pasta,Spaghetti Pasta,2.59,500,g,100g,0.52,False,5002634-EA-000,Pantry,"Pasta, Rice & Noodles",2026-08-03 20:02:00,2026-08-03,e4e27d993f566e65
PaknSave,PAK'nSAVE Botany,60561e46-ece7-43a7-b142-9b14812586e4,spaghetti pasta,Spaghetti No 5 Pasta,2.79,500,g,100g,0.56,False,5002612-EA-000,Pantry,"Pasta, Rice & Noodles",2026-08-03 20:02:00,2026-08-03,ec645d894254c590
PaknSave,PAK'nSAVE Botany,60561e46-ece7-43a7-b142-9b14812586e4,spaghetti pasta,Egg Spaghetti Pasta,3.29,250,g,100g,1.32,True,5327899-EA-000,"Pantry|Fridge, Deli & Eggs","Pasta, Rice & Noodles|Chilled Pasta, Pizza & Garlic Bread",2026-08-03 20:02:00,2026-08-03,af92a610ba24cad1
PaknSave,PAK'nSAVE Botany,60561e46-ece7-43a7-b142-9b14812586e4,spaghetti pasta,Egg Spaghetti,4.49,400,g,100g,1.12,False,5006239-EA-000,"Pantry|Fridge, Deli & Eggs","Pasta, Rice & Noodles|Chilled Pasta, Pizza & Garlic Bread",2026-08-03 20:02:00,2026-08-03,788141453202d155
PaknSave,PAK'nSAVE Botany,60561e46-ece7-43a7-b142-9b14812586e4,spaghetti pasta,Spaghetti Pulse Pasta,4.49,250,g,100g,1.8,True,5205300-EA-000,Pantry,"Pasta, Rice & Noodles",2026-08-03 20:02:00,2026-08-03,16c1beb20510c830
PaknSave,PAK'nSAVE Botany,60561e46-ece7-43a7-b142-9b14812586e4,spaghetti pasta,Gluten Free Spaghetti,4.49,250,g,100g,1.8,False,5218359-EA-000,Pantry,"Pasta, Rice & Noodles",2026-08-03 20:02:00,2026-08-03,b1a07b4a3fd9252e
PaknSave,PAK'nSAVE Botany,60561e46-ece7-43a7-b142-9b14812586e4,spaghetti pasta,Spaghetti,5.49,500,g,100g,1.1,True,5019548-EA-000,Pantry,"Pasta, Rice & Noodles",2026-08-03 20:02:00,2026-08-03,3181f3af13e997fd
PaknSave,PAK'nSAVE Botany,60561e46-ece7-43a7-b142-9b14812586e4,spaghetti pasta,Organic Gluten Free Quinoa Spaghetti,5.69,250,g,100g,2.28,False,5026983-EA-000,Pantry,"Pasta, Rice & Noodles",2026-08-03 20:02:00,2026-08-03,577de820594146f9
PaknSave,PAK'nSAVE Botany,60561e46-ece7-43a7-b142-9b14812586e4,spaghetti pasta,Filipino Style Spaghetti Sauce,8.25,900,g,100g,0.92,False,5289900-EA-000,Pantry,"Cooking Sauces, Stocks & Marinades|World Foods",2026-08-03 20:02:00,2026-08-03,62584d85a63f143f
PaknSave,PAK'nSAVE Botany,60561e46-ece7-43a7-b142-9b14812586e4,canned tomatoes,Chopped Tomatoes in Juice,0.89,400,g,1kg,2.23,False,5092718-EA-000,Pantry,Canned Foods & Packets,2026-08-03 20:02:00,2026-08-03,65e2b489bd02bfb6
PaknSave,PAK'nSAVE Botany,60561e46-ece7-43a7-b142-9b14812586e4,canned tomatoes,Whole Peeled Tomatoes In Juice,0.89,400,g,1kg,2.23,False,5092715-EA-000,Pantry,Canned Foods & Packets,2026-08-03 20:02:00,2026-08-03,d861f329ff099488
PaknSave,PAK'nSAVE Botany,60561e46-ece7-43a7-b142-9b14812586e4,canned tomatoes,Diced Tomatoes In Juice With Garlic And Oregano,1.09,400,g,1kg,2.73,False,5005953-EA-000,Pantry,Canned Foods & Packets,2026-08-03 20:02:00,2026-08-03,7ffc453b5686e6b5
PaknSave,PAK'nSAVE Botany,60561e46-ece7-43a7-b142-9b14812586e4,canned tomatoes,Basil & Oregano Italian Diced Tomatoes,1.09,400,g,1kg,2.73,False,5004844-EA-000,Pantry,Canned Foods & Packets,2026-08-03 20:02:00,2026-08-03,f7dd07d3d39a8ccd
PaknSave,PAK'nSAVE Botany,60561e46-ece7-43a7-b142-9b14812586e4,canned tomatoes,Crushed Tomatoes In Juice,1.29,400,g,1kg,3.23,False,5333052-EA-000,Pantry,Canned Foods & Packets,2026-08-03 20:02:00,2026-08-03,47243febbfe855b6
PaknSave,PAK'nSAVE Botany,60561e46-ece7-43a7-b142-9b14812586e4,canned tomatoes,Italian Diced Tomatoes,1.29,400,g,1kg,3.23,False,5005955-EA-000,Pantry,Canned Foods & Packets,2026-08-03 20:02:00,2026-08-03,e06970d0c8fddeef
PaknSave,PAK'nSAVE Botany,60561e46-ece7-43a7-b142-9b14812586e4,canned tomatoes,Italian Whole Peeled Tomatoes In Juice,1.29,400,g,1kg,3.23,False,5003893-EA-000,Pantry,Canned Foods & Packets,2026-08-03 20:02:00,2026-08-03,69e4b397da0b8449
PaknSave,PAK'nSAVE Botany,60561e46-ece7-43a7-b142-9b14812586e4,canned tomatoes,Chopped Tomatoes,1.59,400,g,1kg,3.98,False,5323115-EA-000,Pantry,Canned Foods & Packets,2026-08-03 20:02:00,2026-08-03,7fa27c1fd268f98c
PaknSave,PAK'nSAVE Botany,60561e46-ece7-43a7-b142-9b14812586e4,canned tomatoes,Spaghetti In Tomato Sauce,1.69,420,g,100g,0.4,False,5002077-EA-000,Pantry,Canned Foods & Packets,2026-08-03 20:02:00,2026-08-03,b607b8cceb8ba82f
PaknSave,PAK'nSAVE Botany,60561e46-ece7-43a7-b142-9b14812586e4,canned tomatoes,Baked Beans In Tomato Sauce,1.69,420,g,100g,0.4,False,5001946-EA-000,Pantry,Canned Foods & Packets,2026-08-03 20:02:00,2026-08-03,3de1640d6e49614e
PaknSave,PAK'nSAVE Botany,60561e46-ece7-43a7-b142-9b14812586e4,canned tomatoes,Diced Tomatoes In Juice,1.89,400,g,1kg,4.73,False,5214340-EA-000,Pantry,Canned Foods & Packets,2026-08-03 20:02:00,2026-08-03,07d53c88b630659c
PaknSave,PAK'nSAVE Botany,60561e46-ece7-43a7-b142-9b14812586e4,canned tomatoes,Tomatoes Chopped In Puree,1.89,400,g,1kg,4.73,False,5015053-EA-000,Pantry,Canned Foods & Packets,2026-08-03 20:02:00,2026-08-03,45072ebbb0c692e1
PaknSave,PAK'nSAVE Botany,60561e46-ece7-43a7-b142-9b14812586e4,canned tomatoes,Spaghetti In Tomato Sauce,2.29,420,g,100g,0.55,False,5002082-EA-000,Pantry,Canned Foods & Packets,2026-08-03 20:02:00,2026-08-03,f32ee8a715bdb0b6
PaknSave,PAK'nSAVE Botany,60561e46-ece7-43a7-b142-9b14812586e4,canned tomatoes,Baked Beans In Tomato Sauce,2.29,420,g,100g,0.55,False,5001949-EA-000,Pantry,Canned Foods & Packets,2026-08-03 20:02:00,2026-08-03,59ac892a3f30a456
PaknSave,PAK'nSAVE Botany,60561e46-ece7-43a7-b142-9b14812586e4,canned tomatoes,Italian Style Tomatoes,2.39,400,g,1kg,5.98,False,5002127-EA-000,Pantry,Canned Foods & Packets,2026-08-03 20:02:00,2026-08-03,3954c479ddd4029a
PaknSave,PAK'nSAVE Botany,60561e46-ece7-43a7-b142-9b14812586e4,canned tomatoes,Roast Garlic & Onion Tomatoes,2.39,400,g,1kg,5.98,False,5018816-EA-000,Pantry,Canned Foods & Packets,2026-08-03 20:02:00,2026-08-03,b22d4ed275915ecf
PaknSave,PAK'nSAVE Botany,60561e46-ece7-43a7-b142-9b14812586e4,canned tomatoes,Mexican Style Tomatoes,2.39,400,g,1kg,5.98,False,5002126-EA-000,Pantry,Canned Foods & Packets,2026-08-03 20:02:00,2026-08-03,720d47b76d7b79b9
PaknSave,PAK'nSAVE Botany,60561e46-ece7-43a7-b142-9b14812586e4,canned tomatoes,Indian Style Tomatoes,2.39,400,g,1kg,5.98,False,5025171-EA-000,Pantry,Canned Foods & Packets,2026-08-03 20:02:00,2026-08-03,5953b83b947c1fc5
PaknSave,PAK'nSAVE Botany,60561e46-ece7-43a7-b142-9b14812586e4,canned tomatoes,Savoury Tomatoes,2.39,400,g,1kg,5.98,False,5002124-EA-000,Pantry,Canned Foods & Packets,2026-08-03 20:02:00,2026-08-03,b16d411467278066
PaknSave,PAK'nSAVE Botany,60561e46-ece7-43a7-b142-9b14812586e4,canned tomatoes,Whole Peeled Tomatoes,2.64,400,g,1kg,6.6,False,5013106-EA-000,Pantry,Canned Foods & Packets,2026-08-03 20:02:00,2026-08-03,a9e32c954c9e1131
PaknSave,PAK'nSAVE Botany,60561e46-ece7-43a7-b142-9b14812586e4,canned tomatoes,Tomato & Basil Tuna,2.69,95,g,1kg,28.32,False,5009950-EA-000,Pantry,Canned Foods & Packets,2026-08-03 20:02:00,2026-08-03,535d0d5e539cb48a
PaknSave,PAK'nSAVE Botany,60561e46-ece7-43a7-b142-9b14812586e4,canned tomatoes,Organic Chopped Tomatoes,2.69,400,g,1kg,6.73,False,5026477-EA-000,Pantry,Canned Foods & Packets,2026-08-03 20:02:00,2026-08-03,f2210f9a6691f485
PaknSave,PAK'nSAVE Botany,60561e46-ece7-43a7-b142-9b14812586e4,canned tomatoes,Chopped Tomatoes,2.84,400,g,1kg,7.1,False,5013580-EA-000,Pantry,Canned Foods & Packets,2026-08-03 20:02:00,2026-08-03,53fe045f4a3639aa
PaknSave,PAK'nSAVE Botany,60561e46-ece7-43a7-b142-9b14812586e4,onion,Onion Soup Mix Sachet,1.39,32,g,100g,4.34,False,5009708-EA-000,Pantry,Canned Foods & Packets,2026-08-03 20:02:00,2026-08-03,8b90574aa8ddf268
PaknSave,PAK'nSAVE Botany,60561e46-ece7-43a7-b142-9b14812586e4,onion,French Onion Soup Mix Sachet,1.39,29,g,100g,4.79,False,5009713-EA-000,Pantry,Canned Foods & Packets,2026-08-03 20:02:00,2026-08-03,1fee620dc11c8095
PaknSave,PAK'nSAVE Botany,60561e46-ece7-43a7-b142-9b14812586e4,onion,Sour Cream & Onion Potato Chips,1.25,53,g,100g,2.36,True,5092358-EA-000,"Pantry|Snacks, Treats & Easy Meals","Chips, Nuts & Snacks",2026-08-03 20:02:00,2026-08-03,e738fae12d078b23
PaknSave,PAK'nSAVE Botany,60561e46-ece7-43a7-b142-9b14812586e4,onion,Brown Onions,1.99,1,kg,1kg,1.99,False,5045856-KGM-000,Fruit & Vegetables,Vegetables,2026-08-03 20:02:00,2026-08-03,8f6b52eb93a134fe
PaknSave,PAK'nSAVE Botany,60561e46-ece7-43a7-b142-9b14812586e4,onion,Naturals Eco Onion Powder Fine,2.03,40,g,10g,0.51,False,5219807-EA-000,Pantry,"Spices, Seasoning & Coatings",2026-08-03 20:02:00,2026-08-03,e435e1a228ee7bd8
PaknSave,PAK'nSAVE Botany,60561e46-ece7-43a7-b142-9b14812586e4,onion,Originals Green Onion Potato Chips,2.49,150,g,100g,1.66,False,5010718-EA-000,"Pantry|Snacks, Treats & Easy Meals","Chips, Nuts & Snacks",2026-08-03 20:02:00,2026-08-03,60a7bb04c2b09474
PaknSave,PAK'nSAVE Botany,60561e46-ece7-43a7-b142-9b14812586e4,onion,Brown Onion Flavoured Gravy Mix,2.69,3,x 31g,10g,0.29,False,5025664-EA-000,Pantry,"Cooking Sauces, Stocks & Marinades",2026-08-03 20:02:00,2026-08-03,f72e9e3bb3ffc04d
PaknSave,PAK'nSAVE Botany,60561e46-ece7-43a7-b142-9b14812586e4,onion,Spring Onions,2.5,1,ea,ea,2.5,True,5040009-EA-000,Fruit & Vegetables,Vegetables,2026-08-03 20:02:00,2026-08-03,7b394ec4bed1a9dd
PaknSave,PAK'nSAVE Botany,60561e46-ece7-43a7-b142-9b14812586e4,onion,Caramelised Onion & Garlic Pasta Sauce,2.99,510,g,100g,0.59,False,5005317-EA-000,Pantry,"Cooking Sauces, Stocks & Marinades",2026-08-03 20:02:00,2026-08-03,de9596f267022a38
PaknSave,PAK'nSAVE Botany,60561e46-ece7-43a7-b142-9b14812586e4,onion,Sensations Sweet Potato Pumpkin & Caramelised Onion With Roasted Garlic Croutons Soup,3.19,2,x 31.5g,100g,5.06,False,5265601-EA-000,Pantry,Canned Foods & Packets,2026-08-03 20:02:00,2026-08-03,6cf7b67575767d7a
PaknSave,PAK'nSAVE Botany,60561e46-ece7-43a7-b142-9b14812586e4,onion,Pickled Onions,3.29,520,g,1kg,6.33,False,5003821-EA-000,Pantry,"Table Sauces, Dressings & Condiments",2026-08-03 20:02:00,2026-08-03,7ccddf16f77d7e03
PaknSave,PAK'nSAVE Botany,60561e46-ece7-43a7-b142-9b14812586e4,onion,Minis Sour Cream & Onion Potato Chips,3.99,5,x 19g,100g,4.2,False,5248743-EA-000,"Pantry|Snacks, Treats & Easy Meals","Chips, Nuts & Snacks",2026-08-03 20:02:00,2026-08-03,2af5ef3040696d1d
PaknSave,PAK'nSAVE Botany,60561e46-ece7-43a7-b142-9b14812586e4,onion,Kiwi Onion Dip,3.99,250,g,100g,1.6,False,5011629-EA-000,"Fridge, Deli & Eggs","Dips, Hummus & Antipasti",2026-08-03 20:02:00,2026-08-03,445d4c3cb068d36a
PaknSave,PAK'nSAVE Botany,60561e46-ece7-43a7-b142-9b14812586e4,onion,Brown Onions,3.99,1.5,kg,1kg,2.66,False,5264187-EA-000,Fruit & Vegetables,Vegetables,2026-08-03 20:02:00,2026-08-03,11e9909e8e46073e
PaknSave,PAK'nSAVE Botany,60561e46-ece7-43a7-b142-9b14812586e4,onion,Creamy Onion Dip,4.09,250,g,100g,1.64,False,5001060-EA-000,"Fridge, Deli & Eggs","Dips, Hummus & Antipasti",2026-08-03 20:02:00,2026-08-03,15ba4846d5618936
PaknSave,PAK'nSAVE Botany,60561e46-ece7-43a7-b142-9b14812586e4,onion,Roast Garlic & Onion Creamy Dip,4.09,250,g,100g,1.64,False,5001061-EA-000,"Fridge, Deli & Eggs","Dips, Hummus & Antipasti",2026-08-03 20:02:00,2026-08-03,92299899e76f78ba
PaknSave,PAK'nSAVE Botany,60561e46-ece7-43a7-b142-9b14812586e4,onion,Red Onions,4.29,1,kg,1kg,4.29,False,5264183-EA-000,Fruit & Vegetables,Vegetables,2026-08-03 20:02:00,2026-08-03,ff21dea569b1a2fd
PaknSave,PAK'nSAVE Botany,60561e46-ece7-43a7-b142-9b14812586e4,onion,Chunky Carbonara With Cream Onion & Cheese Pasta Sauce,4.41,490,g,100g,0.9,False,5091772-EA-000,Pantry,"Cooking Sauces, Stocks & Marinades",2026-08-03 20:02:00,2026-08-03,cfc8ef5a29ab57da
PaknSave,PAK'nSAVE Botany,60561e46-ece7-43a7-b142-9b14812586e4,onion,Roasted Garlic Chunky Tomato & Onion Pasta Sauce,4.41,500,g,100g,0.88,False,5091771-EA-000,Pantry,"Cooking Sauces, Stocks & Marinades",2026-08-03 20:02:00,2026-08-03,788cdeab88e48431
PaknSave,PAK'nSAVE Botany,60561e46-ece7-43a7-b142-9b14812586e4,onion,Pub Style Crispy Onion Rings,4.49,500,g,1kg,8.98,True,5249783-EA-000,Frozen,"Frozen Dumplings, Pies & Snacks",2026-08-03 20:02:00,2026-08-03,e95f49a156541c81
PaknSave,PAK'nSAVE Botany,60561e46-ece7-43a7-b142-9b14812586e4,onion,Peeled Red Onions,4.69,1,kg,1kg,4.69,False,5223140-KGM-000,Fruit & Vegetables,Vegetables,2026-08-03 20:02:00,2026-08-03,5f2afa06d19cfda5
PaknSave,PAK'nSAVE Botany,60561e46-ece7-43a7-b142-9b14812586e4,onion,Kettle Fried Sour Cream Chive Onion Potato Chips,4.79,150,g,100g,3.19,False,5283867-EA-000,"Pantry|Snacks, Treats & Easy Meals","Chips, Nuts & Snacks",2026-08-03 20:02:00,2026-08-03,30237207798c8155
PaknSave,PAK'nSAVE Botany,60561e46-ece7-43a7-b142-9b14812586e4,onion,Caramelised Onion Hummus With Rosemary & Lemon,4.79,200,g,100g,2.4,False,5021113-EA-000,"Fridge, Deli & Eggs","Dips, Hummus & Antipasti",2026-08-03 20:02:00,2026-08-03,dd8f2aead5567cbd
PaknSave,PAK'nSAVE Botany,60561e46-ece7-43a7-b142-9b14812586e4,onion,Tomato Onion & Roast Garlic Pasta Sauce Jar,4.79,500,g,100g,0.96,False,5009205-EA-000,Pantry,"Cooking Sauces, Stocks & Marinades",2026-08-03 20:02:00,2026-08-03,0f354bf74790f5a8
PaknSave,PAK'nSAVE Botany,60561e46-ece7-43a7-b142-9b14812586e4,carrot,Carrots,1.99,1,kg,1kg,1.99,False,5039965-KGM-000,Fruit & Vegetables,Vegetables,2026-08-03 20:02:00,2026-08-03,f5f9d12af85f9e02
PaknSave,PAK'nSAVE Botany,60561e46-ece7-43a7-b142-9b14812586e4,carrot,With Roasted Carrot & Honey,2.99,175,g,100g,1.71,True,5023534-EA-000,"Fridge, Deli & Eggs","Dips, Hummus & Antipasti",2026-08-03 20:02:00,2026-08-03,e1d176fa09976272
PaknSave,PAK'nSAVE Botany,60561e46-ece7-43a7-b142-9b14812586e4,carrot,Beta Bites Snacking Carrots,2.99,250,g,1kg,11.96,True,5245226-EA-000,Fruit & Vegetables,Vegetables,2026-08-03 20:02:00,2026-08-03,15b6108c2d9808be
PaknSave,PAK'nSAVE Botany,60561e46-ece7-43a7-b142-9b14812586e4,carrot,Carrot Batons,3.49,300,g,1kg,11.63,False,5241265-EA-000,Fruit & Vegetables,Vegetables,2026-08-03 20:02:00,2026-08-03,c165952fa41203c3
PaknSave,PAK'nSAVE Botany,60561e46-ece7-43a7-b142-9b14812586e4,carrot,"Peas, Corn & Carrots",3.59,500,g,1kg,7.18,False,5020057-EA-000,Frozen,Frozen Vegetables,2026-08-03 20:02:00,2026-08-03,e838378972d010d2
PaknSave,PAK'nSAVE Botany,60561e46-ece7-43a7-b142-9b14812586e4,carrot,Baby Carrots & Whole Baby Beans,3.79,750,g,1kg,5.05,True,5017820-EA-000,Frozen,Frozen Vegetables,2026-08-03 20:02:00,2026-08-03,cba3aa8293d64cea
PaknSave,PAK'nSAVE Botany,60561e46-ece7-43a7-b142-9b14812586e4,carrot,Shredded Carrots,3.79,300,g,1kg,12.63,False,5241267-EA-000,Fruit & Vegetables,Vegetables,2026-08-03 20:02:00,2026-08-03,e1ee2c1469e66142
PaknSave,PAK'nSAVE Botany,60561e46-ece7-43a7-b142-9b14812586e4,carrot,Washed Carrots,3.99,1.5,kg,1kg,2.66,False,5264186-EA-000,Fruit & Vegetables,Vegetables,2026-08-03 20:02:00,2026-08-03,ee160b2899d0c3d3
PaknSave,PAK'nSAVE Botany,60561e46-ece7-43a7-b142-9b14812586e4,carrot,Steam Fresh Carrot Cauliflower & Broccoli With Cheese Sauce Vege Plus,4.19,235,g,1kg,17.83,False,5234379-EA-000,Frozen,Frozen Vegetables,2026-08-03 20:02:00,2026-08-03,ab34ae135049e0b4
PaknSave,PAK'nSAVE Botany,60561e46-ece7-43a7-b142-9b14812586e4,carrot,"Steam Fresh Sweetcorn, Carrots & Broccoli Vege Mix",4.19,320,g,1kg,13.09,False,5033922-EA-000,Frozen,Frozen Vegetables,2026-08-03 20:02:00,2026-08-03,ca56cf808e5d7063
PaknSave,PAK'nSAVE Botany,60561e46-ece7-43a7-b142-9b14812586e4,carrot,Carrot Cake,7.99,1,ea,ea,7.99,False,5029281-EA-000,Bakery,"Cakes, Muffins & Desserts",2026-08-03 20:02:00,2026-08-03,f035498c1026a2d1
PaknSave,PAK'nSAVE Botany,60561e46-ece7-43a7-b142-9b14812586e4,carrot,Carrot Cake,32.99,1.4,kg,100g,2.36,False,5011228-EA-000,Bakery,"Cakes, Muffins & Desserts",2026-08-03 20:02:00,2026-08-03,fac21ac192644e81
PaknSave,PAK'nSAVE Botany,60561e46-ece7-43a7-b142-9b14812586e4,garlic,Naturals Eco Garlic Salt,1.99,80,g,10g,0.25,False,5032740-EA-000,Pantry,"Spices, Seasoning & Coatings",2026-08-03 20:02:00,2026-08-03,e448315885b8e1d5
PaknSave,PAK'nSAVE Botany,60561e46-ece7-43a7-b142-9b14812586e4,garlic,Naturals Eco Garlic Granules,2.03,40,g,10g,0.51,False,5241729-EA-000,Pantry,"Spices, Seasoning & Coatings",2026-08-03 20:02:00,2026-08-03,bb22109841b774e3
PaknSave,PAK'nSAVE Botany,60561e46-ece7-43a7-b142-9b14812586e4,garlic,Naturals Eco Garlic Powder,2.03,40,g,10g,0.51,False,5241730-EA-000,Pantry,"Spices, Seasoning & Coatings",2026-08-03 20:02:00,2026-08-03,09d0766ebae14eee
PaknSave,PAK'nSAVE Botany,60561e46-ece7-43a7-b142-9b14812586e4,garlic,Crushed Garlic,2.29,230,g,1kg,9.96,False,5008899-EA-000,Pantry,"Spices, Seasoning & Coatings",2026-08-03 20:02:00,2026-08-03,582fc9f468933399
PaknSave,PAK'nSAVE Botany,60561e46-ece7-43a7-b142-9b14812586e4,garlic,Crushed Garlic,2.99,185,g,1kg,16.16,False,5046206-EA-000,Pantry,"Spices, Seasoning & Coatings",2026-08-03 20:02:00,2026-08-03,b23053f16a220075
PaknSave,PAK'nSAVE Botany,60561e46-ece7-43a7-b142-9b14812586e4,garlic,Minced Garlic.,2.99,185,g,1kg,16.16,False,5274445-EA-000,Pantry,"Spices, Seasoning & Coatings",2026-08-03 20:02:00,2026-08-03,db998973a9144cdd
PaknSave,PAK'nSAVE Botany,60561e46-ece7-43a7-b142-9b14812586e4,garlic,Garlic & Herb Salt Blend,3.49,62,g,10g,0.56,False,5025868-EA-000,Pantry,"Spices, Seasoning & Coatings",2026-08-03 20:02:00,2026-08-03,c0c522061dd45a1c
PaknSave,PAK'nSAVE Botany,60561e46-ece7-43a7-b142-9b14812586e4,garlic,Garlic Salt Blend,3.49,70,g,10g,0.5,False,5026173-EA-000,Pantry,"Spices, Seasoning & Coatings",2026-08-03 20:02:00,2026-08-03,5c4b7c372ac2f6db
PaknSave,PAK'nSAVE Botany,60561e46-ece7-43a7-b142-9b14812586e4,garlic,Finely Crushed Garlic Jar,3.59,170,g,1kg,21.12,False,5002550-EA-000,Pantry,"Spices, Seasoning & Coatings",2026-08-03 20:02:00,2026-08-03,ff870636db315ac1
PaknSave,PAK'nSAVE Botany,60561e46-ece7-43a7-b142-9b14812586e4,garlic,Crushed Garlic,3.99,380,g,1kg,10.5,False,5046212-EA-000,Pantry,"Spices, Seasoning & Coatings",2026-08-03 20:02:00,2026-08-03,255bfd5b7ff18758
PaknSave,PAK'nSAVE Botany,60561e46-ece7-43a7-b142-9b14812586e4,garlic,Garlic & Herb Salt Blend,7.99,200,g,10g,0.4,False,5017253-EA-000,Pantry,"Spices, Seasoning & Coatings",2026-08-03 20:02:00,2026-08-03,37c968bf0e6e4e3f
PaknSave,PAK'nSAVE Botany,60561e46-ece7-43a7-b142-9b14812586e4,garlic,Garlic Salt Blend,7.99,210,g,10g,0.38,False,5012903-EA-000,Pantry,"Spices, Seasoning & Coatings",2026-08-03 20:02:00,2026-08-03,0dfb6b8c669589bb
PaknSave,PAK'nSAVE Botany,60561e46-ece7-43a7-b142-9b14812586e4,mixed herbs,Naturals Eco Mixed Herbs,2.03,10,g,10g,2.03,False,5026706-EA-000,Pantry,"Spices, Seasoning & Coatings",2026-08-03 20:02:00,2026-08-03,316a49fb6bf74af7
PaknSave,PAK'nSAVE Botany,60561e46-ece7-43a7-b142-9b14812586e4,mixed herbs,Mixed Herb Blend,2.59,13,g,10g,1.99,False,5334348-EA-000,Pantry,"Spices, Seasoning & Coatings",2026-08-03 20:02:00,2026-08-03,f6ef8aa000210cdf
PaknSave,PAK'nSAVE Botany,60561e46-ece7-43a7-b142-9b14812586e4,mixed herbs,Naturals Mixed Herbs Canister,5.55,40,g,10g,1.39,True,5295191-EA-000,Pantry,"Spices, Seasoning & Coatings",2026-08-03 20:02:00,2026-08-03,8635b9359113cea2
PaknSave,PAK'nSAVE Botany,60561e46-ece7-43a7-b142-9b14812586e4,mixed herbs,Mixed Salad,5.99,300,g,1kg,19.97,False,5334724-EA-000,Fruit & Vegetables,Fresh Salad & Herbs,2026-08-03 20:02:00,2026-08-03,90d90e6597184053
PaknSave,PAK'nSAVE Botany,60561e46-ece7-43a7-b142-9b14812586e4,mixed herbs,Deli Garlic Herb Broccoli Seasoned Sides,6.55,500,g,1kg,13.1,True,5341896-EA-000,Frozen,Frozen Vegetables,2026-08-03 20:02:00,2026-08-03,1435e00d518660c4
PaknSave,PAK'nSAVE Botany,60561e46-ece7-43a7-b142-9b14812586e4,mixed herbs,Mixed Herb Blend,7.99,40,g,10g,2.0,False,5011961-EA-000,Pantry,"Spices, Seasoning & Coatings",2026-08-03 20:02:00,2026-08-03,e94ede8edcd771e2
PaknSave,PAK'nSAVE Ormiston,5f167936-79ae-4f6a-b9d2-74afe1bb096b,beef mince,Gluten Free Sweet & Spicy Minced Beef Ready Sauce,2.79,120,g,100g,2.33,False,5343415-EA-000,Pantry,"Cooking Sauces, Stocks & Marinades",2026-08-03 20:02:00,2026-08-03,3ecd39199c499e51
PaknSave,PAK'nSAVE Ormiston,5f167936-79ae-4f6a-b9d2-74afe1bb096b,beef mince,Beef Mince,8.99,340,g,1kg,26.44,False,5349090-EA-000,"Meat, Poultry & Seafood",Beef,2026-08-03 20:02:00,2026-08-03,2b24ca8a833504a4
PaknSave,PAK'nSAVE Ormiston,5f167936-79ae-4f6a-b9d2-74afe1bb096b,beef mince,Wagyu Beef Meatballs,10.99,400,g,1kg,27.48,False,5230106-EA-000,"Meat, Poultry & Seafood","Beef|Mince, Sausages & Meatballs",2026-08-03 20:02:00,2026-08-03,2beb4078ff97dbf6
PaknSave,PAK'nSAVE Ormiston,5f167936-79ae-4f6a-b9d2-74afe1bb096b,beef mince,Wagyu Beef Burgers,10.99,400,g,1kg,27.48,False,5203718-EA-000,"Meat, Poultry & Seafood","Beef|Mince, Sausages & Meatballs",2026-08-03 20:02:00,2026-08-03,2fc55944f98a5fea
PaknSave,PAK'nSAVE Ormiston,5f167936-79ae-4f6a-b9d2-74afe1bb096b,beef mince,Beef Smash Burgers,11.49,400,g,1kg,28.73,False,5252613-EA-000,"Meat, Poultry & Seafood","Beef|Mince, Sausages & Meatballs",2026-08-03 20:02:00,2026-08-03,7cff92dc755541a2
PaknSave,PAK'nSAVE Ormiston,5f167936-79ae-4f6a-b9d2-74afe1bb096b,beef mince,Beef Mince,11.99,500,g,1kg,23.98,False,5318934-EA-000,"Meat, Poultry & Seafood","Beef|Mince, Sausages & Meatballs",2026-08-03 20:02:00,2026-08-03,1415615b31db6f4a
PaknSave,PAK'nSAVE Ormiston,5f167936-79ae-4f6a-b9d2-74afe1bb096b,beef mince,Fresh Grass Fed Beef Mince Halal 85CL,13.99,500,g,1kg,27.98,False,5309729-EA-000,"Meat, Poultry & Seafood","Beef|Mince, Sausages & Meatballs",2026-08-03 20:02:00,2026-08-03,ae0b534c8a604cb8
PaknSave,PAK'nSAVE Ormiston,5f167936-79ae-4f6a-b9d2-74afe1bb096b,beef mince,NZ Beef Mince,18.99,1,kg,1kg,18.99,False,5104350-KGM-000,"Meat, Poultry & Seafood","Beef|Mince, Sausages & Meatballs",2026-08-03 20:02:00,2026-08-03,c404f68baf8992ae
PaknSave,PAK'nSAVE Ormiston,5f167936-79ae-4f6a-b9d2-74afe1bb096b,beef mince,Beef Mince,23.49,1,kg,1kg,23.49,False,5318932-EA-000,"Meat, Poultry & Seafood","Beef|Mince, Sausages & Meatballs",2026-08-03 20:02:00,2026-08-03,dca8dfc9d13ed145
PaknSave,PAK'nSAVE Ormiston,5f167936-79ae-4f6a-b9d2-74afe1bb096b,beef mince,NZ Beef Prime Mince,23.99,1,kg,1kg,23.99,False,5125914-KGM-000,"Meat, Poultry & Seafood","Beef|Mince, Sausages & Meatballs",2026-08-03 20:02:00,2026-08-03,12af0a6442dfda3b
PaknSave,PAK'nSAVE Ormiston,5f167936-79ae-4f6a-b9d2-74afe1bb096b,beef mince,NZ Premium Beef Mince,27.99,1,kg,1kg,27.99,False,5101189-KGM-000,"Meat, Poultry & Seafood","Beef|Mince, Sausages & Meatballs",2026-08-03 20:02:00,2026-08-03,d9fc4e61174145d0
PaknSave,PAK'nSAVE Ormiston,5f167936-79ae-4f6a-b9d2-74afe1bb096b,beef mince,NZ Diced Beef,28.99,1,kg,1kg,28.99,False,5104061-KGM-000,"Meat, Poultry & Seafood",Beef,2026-08-03 20:02:00,2026-08-03,40903c046a524e3b
PaknSave,PAK'nSAVE Ormiston,5f167936-79ae-4f6a-b9d2-74afe1bb096b,beef mince,NZ Stir Fry Beef,31.99,1,kg,1kg,31.99,False,5102202-KGM-000,"Meat, Poultry & Seafood",Beef,2026-08-03 20:02:00,2026-08-03,73532809437740d1
PaknSave,PAK'nSAVE Ormiston,5f167936-79ae-4f6a-b9d2-74afe1bb096b,spaghetti pasta,Spaghetti,0.99,400,g,100g,0.25,True,5319769-EA-000,Pantry,"Pasta, Rice & Noodles",2026-08-03 20:02:00,2026-08-03,ff6d6e710c6dd38f
PaknSave,PAK'nSAVE Ormiston,5f167936-79ae-4f6a-b9d2-74afe1bb096b,spaghetti pasta,Spaghetti Pasta,1.59,500,g,100g,0.32,False,5323416-EA-000,Pantry,"Pasta, Rice & Noodles",2026-08-03 20:02:00,2026-08-03,88d78f88526ba84e
PaknSave,PAK'nSAVE Ormiston,5f167936-79ae-4f6a-b9d2-74afe1bb096b,spaghetti pasta,Wholemeal Spaghetti Pasta,2.59,500,g,100g,0.52,False,5038063-EA-000,Pantry,"Pasta, Rice & Noodles",2026-08-03 20:02:00,2026-08-03,6842d44696c77a08
PaknSave,PAK'nSAVE Ormiston,5f167936-79ae-4f6a-b9d2-74afe1bb096b,spaghetti pasta,Spaghetti Pasta,2.59,500,g,100g,0.52,False,5002634-EA-000,Pantry,"Pasta, Rice & Noodles",2026-08-03 20:02:00,2026-08-03,6cfe4ad7729288a3
PaknSave,PAK'nSAVE Ormiston,5f167936-79ae-4f6a-b9d2-74afe1bb096b,spaghetti pasta,Spaghetti No 5 Pasta,2.79,500,g,100g,0.56,False,5002612-EA-000,Pantry,"Pasta, Rice & Noodles",2026-08-03 20:02:00,2026-08-03,224c00e4fcd9627a
PaknSave,PAK'nSAVE Ormiston,5f167936-79ae-4f6a-b9d2-74afe1bb096b,spaghetti pasta,Egg Spaghetti,4.29,400,g,100g,1.07,False,5006239-EA-000,"Pantry|Fridge, Deli & Eggs","Pasta, Rice & Noodles|Chilled Pasta, Pizza & Garlic Bread",2026-08-03 20:02:00,2026-08-03,7d9d8c8a5c1b199b
PaknSave,PAK'nSAVE Ormiston,5f167936-79ae-4f6a-b9d2-74afe1bb096b,spaghetti pasta,Gluten Free Spaghetti,4.49,250,g,100g,1.8,False,5218359-EA-000,Pantry,"Pasta, Rice & Noodles",2026-08-03 20:02:00,2026-08-03,bac8483cb0dc538e
PaknSave,PAK'nSAVE Ormiston,5f167936-79ae-4f6a-b9d2-74afe1bb096b,spaghetti pasta,Spaghetti,5.49,500,g,100g,1.1,True,5019548-EA-000,Pantry,"Pasta, Rice & Noodles",2026-08-03 20:02:00,2026-08-03,efb05e4246868f04
PaknSave,PAK'nSAVE Ormiston,5f167936-79ae-4f6a-b9d2-74afe1bb096b,spaghetti pasta,Organic Gluten Free Quinoa Spaghetti,5.69,250,g,100g,2.28,False,5026983-EA-000,Pantry,"Pasta, Rice & Noodles",2026-08-03 20:02:00,2026-08-03,b56d9cf30753e848
PaknSave,PAK'nSAVE Ormiston,5f167936-79ae-4f6a-b9d2-74afe1bb096b,spaghetti pasta,Filipino Style Spaghetti Sauce,8.25,900,g,100g,0.92,False,5289900-EA-000,Pantry,"Cooking Sauces, Stocks & Marinades|World Foods",2026-08-03 20:02:00,2026-08-03,c89af38f5db533be
PaknSave,PAK'nSAVE Ormiston,5f167936-79ae-4f6a-b9d2-74afe1bb096b,canned tomatoes,Chopped Tomatoes in Juice,0.89,400,g,1kg,2.23,False,5092718-EA-000,Pantry,Canned Foods & Packets,2026-08-03 20:02:00,2026-08-03,0e96e23752ac0445
PaknSave,PAK'nSAVE Ormiston,5f167936-79ae-4f6a-b9d2-74afe1bb096b,canned tomatoes,Whole Peeled Tomatoes In Juice,0.89,400,g,1kg,2.23,False,5092715-EA-000,Pantry,Canned Foods & Packets,2026-08-03 20:02:00,2026-08-03,916995c69c2dcd44
PaknSave,PAK'nSAVE Ormiston,5f167936-79ae-4f6a-b9d2-74afe1bb096b,canned tomatoes,Italian Diced Tomatoes,1.09,400,g,1kg,2.73,False,5005955-EA-000,Pantry,Canned Foods & Packets,2026-08-03 20:02:00,2026-08-03,aca3bc81eb942b2b
PaknSave,PAK'nSAVE Ormiston,5f167936-79ae-4f6a-b9d2-74afe1bb096b,canned tomatoes,Diced Tomatoes In Juice With Garlic And Oregano,1.29,400,g,1kg,3.23,False,5005953-EA-000,Pantry,Canned Foods & Packets,2026-08-03 20:02:00,2026-08-03,a4e773c84b4e140c
PaknSave,PAK'nSAVE Ormiston,5f167936-79ae-4f6a-b9d2-74afe1bb096b,canned tomatoes,Basil & Oregano Italian Diced Tomatoes,1.29,400,g,1kg,3.23,False,5004844-EA-000,Pantry,Canned Foods & Packets,2026-08-03 20:02:00,2026-08-03,bfb54fad279367d7
PaknSave,PAK'nSAVE Ormiston,5f167936-79ae-4f6a-b9d2-74afe1bb096b,canned tomatoes,Chopped Tomatoes,1.59,400,g,1kg,3.98,False,5323115-EA-000,Pantry,Canned Foods & Packets,2026-08-03 20:02:00,2026-08-03,f649a31d3e68c612
PaknSave,PAK'nSAVE Ormiston,5f167936-79ae-4f6a-b9d2-74afe1bb096b,canned tomatoes,Spaghetti In Tomato Sauce,1.69,420,g,100g,0.4,False,5002077-EA-000,Pantry,Canned Foods & Packets,2026-08-03 20:02:00,2026-08-03,7ca2555fb79372c3
PaknSave,PAK'nSAVE Ormiston,5f167936-79ae-4f6a-b9d2-74afe1bb096b,canned tomatoes,Baked Beans In Tomato Sauce,1.69,420,g,100g,0.4,False,5001946-EA-000,Pantry,Canned Foods & Packets,2026-08-03 20:02:00,2026-08-03,f44f550aabcafca8
PaknSave,PAK'nSAVE Ormiston,5f167936-79ae-4f6a-b9d2-74afe1bb096b,canned tomatoes,Crushed & Sieved Tomatoes,1.89,400,g,1kg,4.73,False,5015054-EA-000,Pantry,Canned Foods & Packets,2026-08-03 20:02:00,2026-08-03,aec0302ea3368b16
PaknSave,PAK'nSAVE Ormiston,5f167936-79ae-4f6a-b9d2-74afe1bb096b,canned tomatoes,Tomatoes Chopped In Puree,1.89,400,g,1kg,4.73,False,5015053-EA-000,Pantry,Canned Foods & Packets,2026-08-03 20:02:00,2026-08-03,e654069e8855eb09
PaknSave,PAK'nSAVE Ormiston,5f167936-79ae-4f6a-b9d2-74afe1bb096b,canned tomatoes,Spaghetti In Tomato Sauce,2.29,420,g,100g,0.55,False,5002082-EA-000,Pantry,Canned Foods & Packets,2026-08-03 20:02:00,2026-08-03,4dc4ab8707d7b21e
PaknSave,PAK'nSAVE Ormiston,5f167936-79ae-4f6a-b9d2-74afe1bb096b,canned tomatoes,Baked Beans In Tomato Sauce,2.29,420,g,100g,0.55,False,5001949-EA-000,Pantry,Canned Foods & Packets,2026-08-03 20:02:00,2026-08-03,9b45a38184473c8f
PaknSave,PAK'nSAVE Ormiston,5f167936-79ae-4f6a-b9d2-74afe1bb096b,canned tomatoes,Italian Style Tomatoes,2.39,400,g,1kg,5.98,False,5002127-EA-000,Pantry,Canned Foods & Packets,2026-08-03 20:02:00,2026-08-03,834d344de1938ecc
PaknSave,PAK'nSAVE Ormiston,5f167936-79ae-4f6a-b9d2-74afe1bb096b,canned tomatoes,Roast Garlic & Onion Tomatoes,2.39,400,g,1kg,5.98,False,5018816-EA-000,Pantry,Canned Foods & Packets,2026-08-03 20:02:00,2026-08-03,2cb062d325942b8b
PaknSave,PAK'nSAVE Ormiston,5f167936-79ae-4f6a-b9d2-74afe1bb096b,canned tomatoes,Mexican Style Tomatoes,2.39,400,g,1kg,5.98,False,5002126-EA-000,Pantry,Canned Foods & Packets,2026-08-03 20:02:00,2026-08-03,f9eeb129a503d46d
PaknSave,PAK'nSAVE Ormiston,5f167936-79ae-4f6a-b9d2-74afe1bb096b,canned tomatoes,Indian Style Tomatoes,2.39,400,g,1kg,5.98,False,5025171-EA-000,Pantry,Canned Foods & Packets,2026-08-03 20:02:00,2026-08-03,9c549214a65519d6
PaknSave,PAK'nSAVE Ormiston,5f167936-79ae-4f6a-b9d2-74afe1bb096b,canned tomatoes,Organic Whole Tomatoes Peeled In Tomato Juice,2.49,400,g,1kg,6.23,True,5016687-EA-000,Pantry,Canned Foods & Packets,2026-08-03 20:02:00,2026-08-03,618c37ce6ee0b1fb
PaknSave,PAK'nSAVE Ormiston,5f167936-79ae-4f6a-b9d2-74afe1bb096b,canned tomatoes,Organic Chopped Tomatoes Peeled In Tomato Juice,2.49,400,g,1kg,6.23,True,5016686-EA-000,Pantry,Canned Foods & Packets,2026-08-03 20:02:00,2026-08-03,f317ff8df31dd569
PaknSave,PAK'nSAVE Ormiston,5f167936-79ae-4f6a-b9d2-74afe1bb096b,canned tomatoes,Whole Peeled Tomatoes,2.49,400,g,1kg,6.23,False,5013106-EA-000,Pantry,Canned Foods & Packets,2026-08-03 20:02:00,2026-08-03,a955da36c6a8d241
PaknSave,PAK'nSAVE Ormiston,5f167936-79ae-4f6a-b9d2-74afe1bb096b,canned tomatoes,Chopped Tomatoes,2.49,400,g,1kg,6.23,False,5013580-EA-000,Pantry,Canned Foods & Packets,2026-08-03 20:02:00,2026-08-03,2e2b6d50b053dcc1
PaknSave,PAK'nSAVE Ormiston,5f167936-79ae-4f6a-b9d2-74afe1bb096b,canned tomatoes,Tomato & Basil Tuna,2.69,95,g,1kg,28.32,False,5009950-EA-000,Pantry,Canned Foods & Packets,2026-08-03 20:02:00,2026-08-03,a35150a4911a7217
PaknSave,PAK'nSAVE Ormiston,5f167936-79ae-4f6a-b9d2-74afe1bb096b,canned tomatoes,Organic Chopped Tomatoes,2.69,400,g,1kg,6.73,False,5026477-EA-000,Pantry,Canned Foods & Packets,2026-08-03 20:02:00,2026-08-03,d8830ad4dc5e37ea
PaknSave,PAK'nSAVE Ormiston,5f167936-79ae-4f6a-b9d2-74afe1bb096b,onion,Brown Onion Gravy Mix,1.19,25,g,10g,0.48,False,5010215-EA-000,Pantry,"Cooking Sauces, Stocks & Marinades",2026-08-03 20:02:00,2026-08-03,a98b7ad597e223e5
PaknSave,PAK'nSAVE Ormiston,5f167936-79ae-4f6a-b9d2-74afe1bb096b,onion,Onion Soup Mix Sachet,1.39,32,g,100g,4.34,False,5009708-EA-000,Pantry,Canned Foods & Packets,2026-08-03 20:02:00,2026-08-03,daca5f19ac2998f5
PaknSave,PAK'nSAVE Ormiston,5f167936-79ae-4f6a-b9d2-74afe1bb096b,onion,French Onion Soup Mix Sachet,1.39,29,g,100g,4.79,False,5009713-EA-000,Pantry,Canned Foods & Packets,2026-08-03 20:02:00,2026-08-03,0b854990b0325e3e
PaknSave,PAK'nSAVE Ormiston,5f167936-79ae-4f6a-b9d2-74afe1bb096b,onion,Sour Cream & Onion Potato Chips,1.49,53,g,100g,2.81,True,5092358-EA-000,"Pantry|Snacks, Treats & Easy Meals","Chips, Nuts & Snacks",2026-08-03 20:02:00,2026-08-03,01539966edf084c4
PaknSave,PAK'nSAVE Ormiston,5f167936-79ae-4f6a-b9d2-74afe1bb096b,onion,Naturals Eco Onion Powder Fine,2.03,40,g,10g,0.51,False,5219807-EA-000,Pantry,"Spices, Seasoning & Coatings",2026-08-03 20:02:00,2026-08-03,9c07851a88f38d17
PaknSave,PAK'nSAVE Ormiston,5f167936-79ae-4f6a-b9d2-74afe1bb096b,onion,Brown Onions,2.29,1,kg,1kg,2.29,False,5045856-KGM-000,Fruit & Vegetables,Vegetables,2026-08-03 20:02:00,2026-08-03,51f19fe2c0e33b41
PaknSave,PAK'nSAVE Ormiston,5f167936-79ae-4f6a-b9d2-74afe1bb096b,onion,Originals Green Onion Potato Chips,2.29,150,g,100g,1.53,False,5010718-EA-000,"Pantry|Snacks, Treats & Easy Meals","Chips, Nuts & Snacks",2026-08-03 20:02:00,2026-08-03,a3c58cf8b9a88ab0
PaknSave,PAK'nSAVE Ormiston,5f167936-79ae-4f6a-b9d2-74afe1bb096b,onion,Spring Onions,2.29,1,ea,ea,2.29,False,5040009-EA-000,Fruit & Vegetables,Vegetables,2026-08-03 20:02:00,2026-08-03,50f0d2ca6473994c
PaknSave,PAK'nSAVE Ormiston,5f167936-79ae-4f6a-b9d2-74afe1bb096b,onion,Savoury Onion Tuna,2.69,95,g,1kg,28.32,False,5009953-EA-000,Pantry,Canned Foods & Packets,2026-08-03 20:02:00,2026-08-03,0764aa40cb37b36a
PaknSave,PAK'nSAVE Ormiston,5f167936-79ae-4f6a-b9d2-74afe1bb096b,onion,Brown Onion Flavoured Gravy Mix,2.69,3,x 31g,10g,0.29,False,5025664-EA-000,Pantry,"Cooking Sauces, Stocks & Marinades",2026-08-03 20:02:00,2026-08-03,3320b4904684eab7
PaknSave,PAK'nSAVE Ormiston,5f167936-79ae-4f6a-b9d2-74afe1bb096b,onion,Munchos Cheese & Onion Cereal Snacks,2.79,100,g,100g,2.79,False,5023038-EA-000,"Pantry|Snacks, Treats & Easy Meals","Chips, Nuts & Snacks",2026-08-03 20:02:00,2026-08-03,f313c6e2587538f0
PaknSave,PAK'nSAVE Ormiston,5f167936-79ae-4f6a-b9d2-74afe1bb096b,onion,Loose Red Onions,2.99,1,kg,1kg,2.99,False,5045848-KGM-000,Fruit & Vegetables,Vegetables,2026-08-03 20:02:00,2026-08-03,77b201eba7a34ed8
PaknSave,PAK'nSAVE Ormiston,5f167936-79ae-4f6a-b9d2-74afe1bb096b,onion,Caramelised Onion & Garlic Pasta Sauce,2.99,510,g,100g,0.59,False,5005317-EA-000,Pantry,"Cooking Sauces, Stocks & Marinades",2026-08-03 20:02:00,2026-08-03,e69f873284530ea9
PaknSave,PAK'nSAVE Ormiston,5f167936-79ae-4f6a-b9d2-74afe1bb096b,onion,Sensations Sweet Potato Pumpkin & Caramelised Onion With Roasted Garlic Croutons Soup,3.19,2,x 31.5g,100g,5.06,False,5265601-EA-000,Pantry,Canned Foods & Packets,2026-08-03 20:02:00,2026-08-03,5e0b5d19bdbe8347
PaknSave,PAK'nSAVE Ormiston,5f167936-79ae-4f6a-b9d2-74afe1bb096b,onion,Pickled Onions,3.49,520,g,1kg,6.71,False,5003821-EA-000,Pantry,"Table Sauces, Dressings & Condiments",2026-08-03 20:02:00,2026-08-03,7a550ecf9e9ca571
PaknSave,PAK'nSAVE Ormiston,5f167936-79ae-4f6a-b9d2-74afe1bb096b,onion,Minis Sour Cream & Onion Potato Chips,3.99,5,x 19g,100g,4.2,False,5248743-EA-000,"Pantry|Snacks, Treats & Easy Meals","Chips, Nuts & Snacks",2026-08-03 20:02:00,2026-08-03,46fb008f7005dbec
PaknSave,PAK'nSAVE Ormiston,5f167936-79ae-4f6a-b9d2-74afe1bb096b,onion,Kiwi Onion Dip,3.99,250,g,100g,1.6,False,5011629-EA-000,"Fridge, Deli & Eggs","Dips, Hummus & Antipasti",2026-08-03 20:02:00,2026-08-03,08b45d355a846a42
PaknSave,PAK'nSAVE Ormiston,5f167936-79ae-4f6a-b9d2-74afe1bb096b,onion,Pickling Brown Onions,3.99,1,kg,1kg,3.99,False,5264184-EA-000,Fruit & Vegetables,Vegetables,2026-08-03 20:02:00,2026-08-03,a9f6c64a6ee6522d
PaknSave,PAK'nSAVE Ormiston,5f167936-79ae-4f6a-b9d2-74afe1bb096b,onion,Brown Onions,3.99,1.5,kg,1kg,2.66,False,5264187-EA-000,Fruit & Vegetables,Vegetables,2026-08-03 20:02:00,2026-08-03,7ed93006e9413179
PaknSave,PAK'nSAVE Ormiston,5f167936-79ae-4f6a-b9d2-74afe1bb096b,onion,Peeled Red Onions,3.99,1,kg,1kg,3.99,False,5223140-KGM-000,Fruit & Vegetables,Vegetables,2026-08-03 20:02:00,2026-08-03,da40a55916730ba2
PaknSave,PAK'nSAVE Ormiston,5f167936-79ae-4f6a-b9d2-74afe1bb096b,onion,Creamy Onion Dip,4.09,250,g,100g,1.64,False,5001060-EA-000,"Fridge, Deli & Eggs","Dips, Hummus & Antipasti",2026-08-03 20:02:00,2026-08-03,f6f4cdb88357c6d1
PaknSave,PAK'nSAVE Ormiston,5f167936-79ae-4f6a-b9d2-74afe1bb096b,onion,Roast Garlic & Onion Creamy Dip,4.09,250,g,100g,1.64,False,5001061-EA-000,"Fridge, Deli & Eggs","Dips, Hummus & Antipasti",2026-08-03 20:02:00,2026-08-03,959efac40c33c60f
PaknSave,PAK'nSAVE Ormiston,5f167936-79ae-4f6a-b9d2-74afe1bb096b,onion,Kettle Fried Sour Cream Chive Onion Potato Chips,4.29,150,g,100g,2.86,False,5283867-EA-000,"Pantry|Snacks, Treats & Easy Meals","Chips, Nuts & Snacks",2026-08-03 20:02:00,2026-08-03,17353db8a0cca3e6
PaknSave,PAK'nSAVE Ormiston,5f167936-79ae-4f6a-b9d2-74afe1bb096b,onion,Chunky Carbonara With Cream Onion & Cheese Pasta Sauce,4.39,490,g,100g,0.9,False,5091772-EA-000,Pantry,"Cooking Sauces, Stocks & Marinades",2026-08-03 20:02:00,2026-08-03,a43ac2d3924b4b6d
PaknSave,PAK'nSAVE Ormiston,5f167936-79ae-4f6a-b9d2-74afe1bb096b,onion,Roasted Garlic Chunky Tomato & Onion Pasta Sauce,4.41,500,g,100g,0.88,False,5091771-EA-000,Pantry,"Cooking Sauces, Stocks & Marinades",2026-08-03 20:02:00,2026-08-03,f664e5d8645a8766
PaknSave,PAK'nSAVE Ormiston,5f167936-79ae-4f6a-b9d2-74afe1bb096b,onion,Red Onions,4.49,1,kg,1kg,4.49,False,5264183-EA-000,Fruit & Vegetables,Vegetables,2026-08-03 20:02:00,2026-08-03,a3ddfa4bfa50b040
PaknSave,PAK'nSAVE Ormiston,5f167936-79ae-4f6a-b9d2-74afe1bb096b,onion,Caramelised Onion Hummus With Rosemary & Lemon,4.49,200,g,100g,2.25,False,5021113-EA-000,"Fridge, Deli & Eggs","Dips, Hummus & Antipasti",2026-08-03 20:02:00,2026-08-03,f6ab009873957e11
PaknSave,PAK'nSAVE Ormiston,5f167936-79ae-4f6a-b9d2-74afe1bb096b,onion,Pub Style Crispy Onion Rings,4.49,500,g,1kg,8.98,True,5249783-EA-000,Frozen,"Frozen Dumplings, Pies & Snacks",2026-08-03 20:02:00,2026-08-03,7a6d47ee239529a3
PaknSave,PAK'nSAVE Ormiston,5f167936-79ae-4f6a-b9d2-74afe1bb096b,onion,Tomato Onion & Roast Garlic Pasta Sauce Jar,4.79,500,g,100g,0.96,False,5009205-EA-000,Pantry,"Cooking Sauces, Stocks & Marinades",2026-08-03 20:02:00,2026-08-03,e576a612d8ec04e5
PaknSave,PAK'nSAVE Ormiston,5f167936-79ae-4f6a-b9d2-74afe1bb096b,onion,Sage & Onion Stuffed Chicken,16.79,1.9,kg,1kg,8.84,False,5026820-EA-000,"Meat, Poultry & Seafood",Chicken & Poultry,2026-08-03 20:02:00,2026-08-03,3ac36e32b8ccb348
PaknSave,PAK'nSAVE Ormiston,5f167936-79ae-4f6a-b9d2-74afe1bb096b,carrot,Carrots,1.79,1,kg,1kg,1.79,False,5039965-KGM-000,Fruit & Vegetables,Vegetables,2026-08-03 20:02:00,2026-08-03,f031a61eccf48158
PaknSave,PAK'nSAVE Ormiston,5f167936-79ae-4f6a-b9d2-74afe1bb096b,carrot,With Roasted Carrot & Honey,2.99,175,g,100g,1.71,True,5023534-EA-000,"Fridge, Deli & Eggs","Dips, Hummus & Antipasti",2026-08-03 20:02:00,2026-08-03,1382dd4786f9fb38
PaknSave,PAK'nSAVE Ormiston,5f167936-79ae-4f6a-b9d2-74afe1bb096b,carrot,Beta Bites Snacking Carrots,3.49,250,g,1kg,13.96,False,5245226-EA-000,Fruit & Vegetables,Vegetables,2026-08-03 20:02:00,2026-08-03,7d1a739d04fcd6d9
PaknSave,PAK'nSAVE Ormiston,5f167936-79ae-4f6a-b9d2-74afe1bb096b,carrot,Carrot Batons,3.49,300,g,1kg,11.63,False,5241265-EA-000,Fruit & Vegetables,Vegetables,2026-08-03 20:02:00,2026-08-03,7247a071cd745e04
PaknSave,PAK'nSAVE Ormiston,5f167936-79ae-4f6a-b9d2-74afe1bb096b,carrot,Shredded Carrots,3.49,300,g,1kg,11.63,False,5241267-EA-000,Fruit & Vegetables,Vegetables,2026-08-03 20:02:00,2026-08-03,8c9b28b83df0de9a
PaknSave,PAK'nSAVE Ormiston,5f167936-79ae-4f6a-b9d2-74afe1bb096b,carrot,"Peas, Corn & Carrots",3.59,500,g,1kg,7.18,False,5020057-EA-000,Frozen,Frozen Vegetables,2026-08-03 20:02:00,2026-08-03,a8483d1c78428b68
PaknSave,PAK'nSAVE Ormiston,5f167936-79ae-4f6a-b9d2-74afe1bb096b,carrot,Baby Carrots & Whole Baby Beans,3.79,750,g,1kg,5.05,True,5017820-EA-000,Frozen,Frozen Vegetables,2026-08-03 20:02:00,2026-08-03,9bcf4a5924eb1147
PaknSave,PAK'nSAVE Ormiston,5f167936-79ae-4f6a-b9d2-74afe1bb096b,carrot,Washed Carrots,3.99,1.5,kg,1kg,2.66,False,5264186-EA-000,Fruit & Vegetables,Vegetables,2026-08-03 20:02:00,2026-08-03,2ce32c03506e6b76
PaknSave,PAK'nSAVE Ormiston,5f167936-79ae-4f6a-b9d2-74afe1bb096b,carrot,Steam Fresh Carrot Cauliflower & Broccoli With Cheese Sauce Vege Plus,4.19,235,g,1kg,17.83,False,5234379-EA-000,Frozen,Frozen Vegetables,2026-08-03 20:02:00,2026-08-03,75c5a19caefb1af0
PaknSave,PAK'nSAVE Ormiston,5f167936-79ae-4f6a-b9d2-74afe1bb096b,carrot,"Steam Fresh Sweetcorn, Carrots & Broccoli Vege Mix",4.19,320,g,1kg,13.09,False,5033922-EA-000,Frozen,Frozen Vegetables,2026-08-03 20:02:00,2026-08-03,be23d69f59856896
PaknSave,PAK'nSAVE Ormiston,5f167936-79ae-4f6a-b9d2-74afe1bb096b,carrot,Medium Carrot Cake,6.49,1,ea,ea,6.49,False,5114090-EA-000,Bakery,"Cakes, Muffins & Desserts|In-Store Bakery",2026-08-03 20:02:00,2026-08-03,04bf65de3e57ad4b
PaknSave,PAK'nSAVE Ormiston,5f167936-79ae-4f6a-b9d2-74afe1bb096b,carrot,Carrot Cake,29.99,1.4,kg,100g,2.14,False,5011228-EA-000,Bakery,"Cakes, Muffins & Desserts",2026-08-03 20:02:00,2026-08-03,a814c79aeade21d7
PaknSave,PAK'nSAVE Ormiston,5f167936-79ae-4f6a-b9d2-74afe1bb096b,garlic,Naturals Eco Garlic Granules,2.03,40,g,10g,0.51,False,5241729-EA-000,Pantry,"Spices, Seasoning & Coatings",2026-08-03 20:02:00,2026-08-03,573b4c0a3fd2d33b
PaknSave,PAK'nSAVE Ormiston,5f167936-79ae-4f6a-b9d2-74afe1bb096b,garlic,Naturals Eco Garlic Powder,2.03,40,g,10g,0.51,False,5241730-EA-000,Pantry,"Spices, Seasoning & Coatings",2026-08-03 20:02:00,2026-08-03,cc917738eb4f193c
PaknSave,PAK'nSAVE Ormiston,5f167936-79ae-4f6a-b9d2-74afe1bb096b,garlic,Crushed Garlic,2.29,230,g,1kg,9.96,False,5008899-EA-000,Pantry,"Spices, Seasoning & Coatings",2026-08-03 20:02:00,2026-08-03,13228f87192fcca7
PaknSave,PAK'nSAVE Ormiston,5f167936-79ae-4f6a-b9d2-74afe1bb096b,garlic,Naturals Eco Garlic Salt,2.31,80,g,10g,0.29,False,5032740-EA-000,Pantry,"Spices, Seasoning & Coatings",2026-08-03 20:02:00,2026-08-03,7fbbe65b8c5cb541
PaknSave,PAK'nSAVE Ormiston,5f167936-79ae-4f6a-b9d2-74afe1bb096b,garlic,Garlic Powder,2.59,45,g,10g,0.58,False,5334356-EA-000,Pantry,"Spices, Seasoning & Coatings",2026-08-03 20:02:00,2026-08-03,d51373447671a226
PaknSave,PAK'nSAVE Ormiston,5f167936-79ae-4f6a-b9d2-74afe1bb096b,garlic,Crushed Garlic,2.99,185,g,1kg,16.16,False,5046206-EA-000,Pantry,"Spices, Seasoning & Coatings",2026-08-03 20:02:00,2026-08-03,95481702d4770303
PaknSave,PAK'nSAVE Ormiston,5f167936-79ae-4f6a-b9d2-74afe1bb096b,garlic,Organic Eco Garlic Powder,3.44,30,g,10g,1.15,False,5226259-EA-000,Pantry,"Spices, Seasoning & Coatings",2026-08-03 20:02:00,2026-08-03,0af5549924ebd6b9
PaknSave,PAK'nSAVE Ormiston,5f167936-79ae-4f6a-b9d2-74afe1bb096b,garlic,Garlic & Herb Salt Blend,3.49,62,g,10g,0.56,False,5025868-EA-000,Pantry,"Spices, Seasoning & Coatings",2026-08-03 20:02:00,2026-08-03,5b4396799aaf00d0
PaknSave,PAK'nSAVE Ormiston,5f167936-79ae-4f6a-b9d2-74afe1bb096b,garlic,Garlic Salt Blend,3.49,70,g,10g,0.5,False,5026173-EA-000,Pantry,"Spices, Seasoning & Coatings",2026-08-03 20:02:00,2026-08-03,c2e876cfb670348c
PaknSave,PAK'nSAVE Ormiston,5f167936-79ae-4f6a-b9d2-74afe1bb096b,garlic,Finely Crushed Garlic Jar,3.59,170,g,1kg,21.12,False,5002550-EA-000,Pantry,"Spices, Seasoning & Coatings",2026-08-03 20:02:00,2026-08-03,d7605a56482403ed
PaknSave,PAK'nSAVE Ormiston,5f167936-79ae-4f6a-b9d2-74afe1bb096b,garlic,Crushed Garlic,4.69,380,g,1kg,12.34,False,5046212-EA-000,Pantry,"Spices, Seasoning & Coatings",2026-08-03 20:02:00,2026-08-03,c5224f5a845c5e97
PaknSave,PAK'nSAVE Ormiston,5f167936-79ae-4f6a-b9d2-74afe1bb096b,garlic,Crushed Garlic and Ginger Mix,4.69,380,g,1kg,12.34,False,5222127-EA-000,Pantry,"Spices, Seasoning & Coatings",2026-08-03 20:02:00,2026-08-03,100dc9b9f93212c5
PaknSave,PAK'nSAVE Ormiston,5f167936-79ae-4f6a-b9d2-74afe1bb096b,garlic,Minced Garlic.,4.69,380,g,1kg,12.34,False,5273986-EA-000,Pantry,"Spices, Seasoning & Coatings",2026-08-03 20:02:00,2026-08-03,80af9df59455a55f
PaknSave,PAK'nSAVE Ormiston,5f167936-79ae-4f6a-b9d2-74afe1bb096b,garlic,Garlic & Herb Salt Blend,7.99,200,g,10g,0.4,False,5017253-EA-000,Pantry,"Spices, Seasoning & Coatings",2026-08-03 20:02:00,2026-08-03,9ce8abd52d11c7cd
PaknSave,PAK'nSAVE Ormiston,5f167936-79ae-4f6a-b9d2-74afe1bb096b,garlic,Garlic Salt Blend,7.99,210,g,10g,0.38,False,5012903-EA-000,Pantry,"Spices, Seasoning & Coatings",2026-08-03 20:02:00,2026-08-03,0db0bc42f6a471ed
PaknSave,PAK'nSAVE Ormiston,5f167936-79ae-4f6a-b9d2-74afe1bb096b,mixed herbs,Naturals Eco Mixed Herbs,2.03,10,g,10g,2.03,False,5026706-EA-000,Pantry,"Spices, Seasoning & Coatings",2026-08-03 20:02:00,2026-08-03,7062b1a73a7f404f
PaknSave,PAK'nSAVE Ormiston,5f167936-79ae-4f6a-b9d2-74afe1bb096b,mixed herbs,Mixed Herb Blend,2.59,13,g,10g,1.99,False,5334348-EA-000,Pantry,"Spices, Seasoning & Coatings",2026-08-03 20:02:00,2026-08-03,5110a3f21c475795
PaknSave,PAK'nSAVE Ormiston,5f167936-79ae-4f6a-b9d2-74afe1bb096b,mixed herbs,Organic Eco Mixed Herbs,3.44,12,g,10g,2.87,False,5268077-EA-000,Pantry,"Spices, Seasoning & Coatings",2026-08-03 20:02:00,2026-08-03,544e3bbeb8276d85
PaknSave,PAK'nSAVE Ormiston,5f167936-79ae-4f6a-b9d2-74afe1bb096b,mixed herbs,Naturals Mixed Herbs Canister,5.55,40,g,10g,1.39,True,5295191-EA-000,Pantry,"Spices, Seasoning & Coatings",2026-08-03 20:02:00,2026-08-03,9275d4ae3ca00ede
PaknSave,PAK'nSAVE Ormiston,5f167936-79ae-4f6a-b9d2-74afe1bb096b,mixed herbs,Mixed Salad,5.99,300,g,1kg,19.97,False,5334724-EA-000,Fruit & Vegetables,Fresh Salad & Herbs,2026-08-03 20:02:00,2026-08-03,b2eb95d38c3a18ef
PaknSave,PAK'nSAVE Ormiston,5f167936-79ae-4f6a-b9d2-74afe1bb096b,mixed herbs,Mixed Herb Blend,7.99,40,g,10g,2.0,False,5011961-EA-000,Pantry,"Spices, Seasoning & Coatings",2026-08-03 20:02:00,2026-08-03,8dd0f2d212b2485e
PaknSave,PAK'nSAVE Highland Park,2a1b331a-fc4a-496a-b072-e97cc8f70cae,beef mince,Gluten Free Sweet & Spicy Minced Beef Ready Sauce,2.79,120,g,100g,2.33,False,5343415-EA-000,Pantry,"Cooking Sauces, Stocks & Marinades",2026-08-03 20:02:00,2026-08-03,be2c84e61ae8b38d
PaknSave,PAK'nSAVE Highland Park,2a1b331a-fc4a-496a-b072-e97cc8f70cae,beef mince,Beef Mince & Cheese Pie,5.55,200,g,100g,2.78,True,5349244-EA-000,"Fridge, Deli & Eggs",Chilled Soups & Ready Meals,2026-08-03 20:02:00,2026-08-03,11e2b6c4da9710f5
PaknSave,PAK'nSAVE Highland Park,2a1b331a-fc4a-496a-b072-e97cc8f70cae,beef mince,Beef Mince,8.99,340,g,1kg,26.44,False,5349090-EA-000,"Meat, Poultry & Seafood",Beef,2026-08-03 20:02:00,2026-08-03,a42e14e77916561b
PaknSave,PAK'nSAVE Highland Park,2a1b331a-fc4a-496a-b072-e97cc8f70cae,beef mince,Beef Smash Burgers,11.49,400,g,1kg,28.73,False,5252613-EA-000,"Meat, Poultry & Seafood","Beef|Mince, Sausages & Meatballs",2026-08-03 20:02:00,2026-08-03,071cba6f3f62d192
PaknSave,PAK'nSAVE Highland Park,2a1b331a-fc4a-496a-b072-e97cc8f70cae,beef mince,Plant Based Beef Mince,11.49,340,g,100g,3.38,True,5312889-EA-000,"Fridge, Deli & Eggs",Dairy Free & Meat Free,2026-08-03 20:02:00,2026-08-03,26a1dc08a07f4c93
PaknSave,PAK'nSAVE Highland Park,2a1b331a-fc4a-496a-b072-e97cc8f70cae,beef mince,Homestyle Beef Patties,12.79,4,x 100g,1kg,31.98,False,5226111-EA-000,"Meat, Poultry & Seafood","Beef|Mince, Sausages & Meatballs",2026-08-03 20:02:00,2026-08-03,a0867a947860d443
PaknSave,PAK'nSAVE Highland Park,2a1b331a-fc4a-496a-b072-e97cc8f70cae,beef mince,Wagyu Beef Meatballs,13.29,400,g,1kg,33.23,False,5230106-EA-000,"Meat, Poultry & Seafood","Beef|Mince, Sausages & Meatballs",2026-08-03 20:02:00,2026-08-03,a754754b87e9971c
PaknSave,PAK'nSAVE Highland Park,2a1b331a-fc4a-496a-b072-e97cc8f70cae,beef mince,Wagyu Beef Burgers,13.29,400,g,1kg,33.23,False,5203718-EA-000,"Meat, Poultry & Seafood","Beef|Mince, Sausages & Meatballs",2026-08-03 20:02:00,2026-08-03,ec2cacd1059f8bc9
PaknSave,PAK'nSAVE Highland Park,2a1b331a-fc4a-496a-b072-e97cc8f70cae,beef mince,Wagyu Beef Mince,13.49,400,g,1kg,33.73,False,5203717-EA-000,"Meat, Poultry & Seafood","Beef|Mince, Sausages & Meatballs",2026-08-03 20:02:00,2026-08-03,bf695a96988f85ea
PaknSave,PAK'nSAVE Highland Park,2a1b331a-fc4a-496a-b072-e97cc8f70cae,beef mince,Premium Beef Mince,15.99,400,g,1kg,39.98,False,5242835-EA-000,"Meat, Poultry & Seafood","Beef|Mince, Sausages & Meatballs",2026-08-03 20:02:00,2026-08-03,b186b3c2bb5df3f0
PaknSave,PAK'nSAVE Highland Park,2a1b331a-fc4a-496a-b072-e97cc8f70cae,beef mince,NZ Beef Prime Mince,20.99,1,kg,1kg,20.99,False,5125914-KGM-000,"Meat, Poultry & Seafood","Beef|Mince, Sausages & Meatballs",2026-08-03 20:02:00,2026-08-03,014c46489d0b4e12
PaknSave,PAK'nSAVE Highland Park,2a1b331a-fc4a-496a-b072-e97cc8f70cae,beef mince,NZ Premium Beef Mince,26.99,1,kg,1kg,26.99,False,5101189-KGM-000,"Meat, Poultry & Seafood","Beef|Mince, Sausages & Meatballs",2026-08-03 20:02:00,2026-08-03,1e8785f6c01917dd
PaknSave,PAK'nSAVE Highland Park,2a1b331a-fc4a-496a-b072-e97cc8f70cae,beef mince,NZ Diced Beef,28.99,1,kg,1kg,28.99,False,5104061-KGM-000,"Meat, Poultry & Seafood",Beef,2026-08-03 20:02:00,2026-08-03,8032c9942e62a1c9
PaknSave,PAK'nSAVE Highland Park,2a1b331a-fc4a-496a-b072-e97cc8f70cae,beef mince,NZ Stir Fry Beef,30.99,1,kg,1kg,30.99,False,5102202-KGM-000,"Meat, Poultry & Seafood",Beef,2026-08-03 20:02:00,2026-08-03,e7483e37bea36b41
PaknSave,PAK'nSAVE Highland Park,2a1b331a-fc4a-496a-b072-e97cc8f70cae,spaghetti pasta,Spaghetti,0.99,400,g,100g,0.25,False,5319769-EA-000,Pantry,"Pasta, Rice & Noodles",2026-08-03 20:02:00,2026-08-03,ddc5400bc63477f3
PaknSave,PAK'nSAVE Highland Park,2a1b331a-fc4a-496a-b072-e97cc8f70cae,spaghetti pasta,Spaghetti Pasta,2.59,500,g,100g,0.52,False,5002634-EA-000,Pantry,"Pasta, Rice & Noodles",2026-08-03 20:02:00,2026-08-03,21c019860b74794c
PaknSave,PAK'nSAVE Highland Park,2a1b331a-fc4a-496a-b072-e97cc8f70cae,spaghetti pasta,Spaghetti No 5 Pasta,2.79,500,g,100g,0.56,False,5002612-EA-000,Pantry,"Pasta, Rice & Noodles",2026-08-03 20:02:00,2026-08-03,5739f29d6d65a718
PaknSave,PAK'nSAVE Highland Park,2a1b331a-fc4a-496a-b072-e97cc8f70cae,spaghetti pasta,Egg Spaghetti Pasta,3.29,250,g,100g,1.32,True,5327899-EA-000,"Pantry|Fridge, Deli & Eggs","Pasta, Rice & Noodles|Chilled Pasta, Pizza & Garlic Bread",2026-08-03 20:02:00,2026-08-03,9489f441b03cc547
PaknSave,PAK'nSAVE Highland Park,2a1b331a-fc4a-496a-b072-e97cc8f70cae,spaghetti pasta,Egg Spaghetti,4.09,400,g,100g,1.02,False,5006239-EA-000,"Pantry|Fridge, Deli & Eggs","Pasta, Rice & Noodles|Chilled Pasta, Pizza & Garlic Bread",2026-08-03 20:02:00,2026-08-03,3f24580ffd68dc15
PaknSave,PAK'nSAVE Highland Park,2a1b331a-fc4a-496a-b072-e97cc8f70cae,spaghetti pasta,Gluten Free Spaghetti,4.49,250,g,100g,1.8,False,5218359-EA-000,Pantry,"Pasta, Rice & Noodles",2026-08-03 20:02:00,2026-08-03,cdaefae1533a90ef
PaknSave,PAK'nSAVE Highland Park,2a1b331a-fc4a-496a-b072-e97cc8f70cae,spaghetti pasta,Spaghetti,5.49,500,g,100g,1.1,True,5019548-EA-000,Pantry,"Pasta, Rice & Noodles",2026-08-03 20:02:00,2026-08-03,85c41f6f2b18a2c5
PaknSave,PAK'nSAVE Highland Park,2a1b331a-fc4a-496a-b072-e97cc8f70cae,spaghetti pasta,Organic Gluten Free Quinoa Spaghetti,5.69,250,g,100g,2.28,False,5026983-EA-000,Pantry,"Pasta, Rice & Noodles",2026-08-03 20:02:00,2026-08-03,22e1892d255688f4
PaknSave,PAK'nSAVE Highland Park,2a1b331a-fc4a-496a-b072-e97cc8f70cae,spaghetti pasta,Filipino Style Spaghetti Sauce,8.25,900,g,100g,0.92,False,5289900-EA-000,Pantry,"Cooking Sauces, Stocks & Marinades|World Foods",2026-08-03 20:02:00,2026-08-03,a3a4b9d1492554f2
PaknSave,PAK'nSAVE Highland Park,2a1b331a-fc4a-496a-b072-e97cc8f70cae,canned tomatoes,Chopped Tomatoes in Juice,0.89,400,g,1kg,2.23,False,5092718-EA-000,Pantry,Canned Foods & Packets,2026-08-03 20:02:00,2026-08-03,f4200a4384aa04ee
PaknSave,PAK'nSAVE Highland Park,2a1b331a-fc4a-496a-b072-e97cc8f70cae,canned tomatoes,Whole Peeled Tomatoes In Juice,0.89,400,g,1kg,2.23,False,5092715-EA-000,Pantry,Canned Foods & Packets,2026-08-03 20:02:00,2026-08-03,8b32de0b12a3c81e
PaknSave,PAK'nSAVE Highland Park,2a1b331a-fc4a-496a-b072-e97cc8f70cae,canned tomatoes,DIced Italian Tomatoes With Basil,0.99,400,g,1kg,2.48,True,5011913-EA-000,Pantry,Canned Foods & Packets,2026-08-03 20:02:00,2026-08-03,2a6b80407b70b772
PaknSave,PAK'nSAVE Highland Park,2a1b331a-fc4a-496a-b072-e97cc8f70cae,canned tomatoes,Crushed Tomatoes In Juice,1.29,400,g,1kg,3.23,False,5333052-EA-000,Pantry,Canned Foods & Packets,2026-08-03 20:02:00,2026-08-03,fa8601abe99d936f
PaknSave,PAK'nSAVE Highland Park,2a1b331a-fc4a-496a-b072-e97cc8f70cae,canned tomatoes,Diced Tomatoes In Juice With Garlic And Oregano,1.29,400,g,1kg,3.23,False,5005953-EA-000,Pantry,Canned Foods & Packets,2026-08-03 20:02:00,2026-08-03,2b6c4cbfc2aea992
PaknSave,PAK'nSAVE Highland Park,2a1b331a-fc4a-496a-b072-e97cc8f70cae,canned tomatoes,Basil & Oregano Italian Diced Tomatoes,1.29,400,g,1kg,3.23,False,5004844-EA-000,Pantry,Canned Foods & Packets,2026-08-03 20:02:00,2026-08-03,c32cadea22993abd
PaknSave,PAK'nSAVE Highland Park,2a1b331a-fc4a-496a-b072-e97cc8f70cae,canned tomatoes,Italian Diced Tomatoes,1.29,400,g,1kg,3.23,False,5005955-EA-000,Pantry,Canned Foods & Packets,2026-08-03 20:02:00,2026-08-03,0783ade1b2cc4010
PaknSave,PAK'nSAVE Highland Park,2a1b331a-fc4a-496a-b072-e97cc8f70cae,canned tomatoes,Spaghetti In Tomato Sauce,1.49,420,g,100g,0.35,True,5002077-EA-000,Pantry,Canned Foods & Packets,2026-08-03 20:02:00,2026-08-03,79844f9388ed1df2
PaknSave,PAK'nSAVE Highland Park,2a1b331a-fc4a-496a-b072-e97cc8f70cae,canned tomatoes,Baked Beans In Tomato Sauce,1.49,420,g,100g,0.35,True,5001946-EA-000,Pantry,Canned Foods & Packets,2026-08-03 20:02:00,2026-08-03,cf289f9beabb4a7d
PaknSave,PAK'nSAVE Highland Park,2a1b331a-fc4a-496a-b072-e97cc8f70cae,canned tomatoes,Chopped Tomatoes,1.59,400,g,1kg,3.98,False,5323115-EA-000,Pantry,Canned Foods & Packets,2026-08-03 20:02:00,2026-08-03,95c04ac306dcb697
PaknSave,PAK'nSAVE Highland Park,2a1b331a-fc4a-496a-b072-e97cc8f70cae,canned tomatoes,Italian Tomatoes Chopped In Juice,1.89,400,g,1kg,4.73,False,5015051-EA-000,Pantry,Canned Foods & Packets,2026-08-03 20:02:00,2026-08-03,f900c1d6becfa50b
PaknSave,PAK'nSAVE Highland Park,2a1b331a-fc4a-496a-b072-e97cc8f70cae,canned tomatoes,Crushed & Sieved Tomatoes,1.89,400,g,1kg,4.73,False,5015054-EA-000,Pantry,Canned Foods & Packets,2026-08-03 20:02:00,2026-08-03,85be3f3402489d97
PaknSave,PAK'nSAVE Highland Park,2a1b331a-fc4a-496a-b072-e97cc8f70cae,canned tomatoes,Tomatoes Chopped In Puree,1.89,400,g,1kg,4.73,False,5015053-EA-000,Pantry,Canned Foods & Packets,2026-08-03 20:02:00,2026-08-03,92655900a5e5ee62
PaknSave,PAK'nSAVE Highland Park,2a1b331a-fc4a-496a-b072-e97cc8f70cae,canned tomatoes,Crushed Italian Tomatoes In Thick Tomato Juice,2.09,400,g,1kg,5.23,False,5011693-EA-000,Pantry,Canned Foods & Packets,2026-08-03 20:02:00,2026-08-03,4a331ca0a0c1dc41
PaknSave,PAK'nSAVE Highland Park,2a1b331a-fc4a-496a-b072-e97cc8f70cae,canned tomatoes,Spaghetti In Tomato Sauce,2.29,420,g,100g,0.55,False,5002082-EA-000,Pantry,Canned Foods & Packets,2026-08-03 20:02:00,2026-08-03,a51f899f1f0c260d
PaknSave,PAK'nSAVE Highland Park,2a1b331a-fc4a-496a-b072-e97cc8f70cae,canned tomatoes,Baked Beans In Tomato Sauce,2.29,420,g,100g,0.55,False,5001949-EA-000,Pantry,Canned Foods & Packets,2026-08-03 20:02:00,2026-08-03,8195e95cfb814dac
PaknSave,PAK'nSAVE Highland Park,2a1b331a-fc4a-496a-b072-e97cc8f70cae,canned tomatoes,Italian Style Tomatoes,2.39,400,g,1kg,5.98,False,5002127-EA-000,Pantry,Canned Foods & Packets,2026-08-03 20:02:00,2026-08-03,470f98cd5e9c5cba
PaknSave,PAK'nSAVE Highland Park,2a1b331a-fc4a-496a-b072-e97cc8f70cae,canned tomatoes,Roast Garlic & Onion Tomatoes,2.39,400,g,1kg,5.98,False,5018816-EA-000,Pantry,Canned Foods & Packets,2026-08-03 20:02:00,2026-08-03,bd465f4f0749fcf7
PaknSave,PAK'nSAVE Highland Park,2a1b331a-fc4a-496a-b072-e97cc8f70cae,canned tomatoes,Mexican Style Tomatoes,2.39,400,g,1kg,5.98,False,5002126-EA-000,Pantry,Canned Foods & Packets,2026-08-03 20:02:00,2026-08-03,4eee425b58ff9155
PaknSave,PAK'nSAVE Highland Park,2a1b331a-fc4a-496a-b072-e97cc8f70cae,canned tomatoes,Indian Style Tomatoes,2.39,400,g,1kg,5.98,False,5025171-EA-000,Pantry,Canned Foods & Packets,2026-08-03 20:02:00,2026-08-03,f01f01a59b76bd98
PaknSave,PAK'nSAVE Highland Park,2a1b331a-fc4a-496a-b072-e97cc8f70cae,canned tomatoes,Savoury Tomatoes,2.39,400,g,1kg,5.98,False,5002124-EA-000,Pantry,Canned Foods & Packets,2026-08-03 20:02:00,2026-08-03,0c59c5c58937e3a1
PaknSave,PAK'nSAVE Highland Park,2a1b331a-fc4a-496a-b072-e97cc8f70cae,canned tomatoes,Whole Peeled Tomatoes,2.64,400,g,1kg,6.6,False,5013106-EA-000,Pantry,Canned Foods & Packets,2026-08-03 20:02:00,2026-08-03,63c7ab26778345bc
PaknSave,PAK'nSAVE Highland Park,2a1b331a-fc4a-496a-b072-e97cc8f70cae,canned tomatoes,Tomato & Basil Tuna,2.69,95,g,1kg,28.32,False,5009950-EA-000,Pantry,Canned Foods & Packets,2026-08-03 20:02:00,2026-08-03,87814d5bcab27b0d
PaknSave,PAK'nSAVE Highland Park,2a1b331a-fc4a-496a-b072-e97cc8f70cae,canned tomatoes,Organic Chopped Tomatoes,2.69,400,g,1kg,6.73,False,5026477-EA-000,Pantry,Canned Foods & Packets,2026-08-03 20:02:00,2026-08-03,f9ceb455adbfc704
PaknSave,PAK'nSAVE Highland Park,2a1b331a-fc4a-496a-b072-e97cc8f70cae,canned tomatoes,Organic Cherry Tomatoes,2.69,400,g,1kg,6.73,False,5035045-EA-000,Pantry,Canned Foods & Packets,2026-08-03 20:02:00,2026-08-03,ec17188859c9f143
PaknSave,PAK'nSAVE Highland Park,2a1b331a-fc4a-496a-b072-e97cc8f70cae,canned tomatoes,Organic Whole Peeled Tomatoes,2.69,400,g,1kg,6.73,False,5026476-EA-000,Pantry,Canned Foods & Packets,2026-08-03 20:02:00,2026-08-03,701dd038bdb6803d
PaknSave,PAK'nSAVE Highland Park,2a1b331a-fc4a-496a-b072-e97cc8f70cae,canned tomatoes,Cherry Tomatoes,3.24,400,g,1kg,8.1,False,5013107-EA-000,Pantry,Canned Foods & Packets,2026-08-03 20:02:00,2026-08-03,f17de028c5feb01c
PaknSave,PAK'nSAVE Highland Park,2a1b331a-fc4a-496a-b072-e97cc8f70cae,onion,Onion Soup Mix Sachet,1.19,32,g,100g,3.72,False,5009708-EA-000,Pantry,Canned Foods & Packets,2026-08-03 20:02:00,2026-08-03,837059b147d74892
PaknSave,PAK'nSAVE Highland Park,2a1b331a-fc4a-496a-b072-e97cc8f70cae,onion,French Onion Soup Mix Sachet,1.19,29,g,100g,4.1,False,5009713-EA-000,Pantry,Canned Foods & Packets,2026-08-03 20:02:00,2026-08-03,4656328f23ab1ffe
PaknSave,PAK'nSAVE Highland Park,2a1b331a-fc4a-496a-b072-e97cc8f70cae,onion,Sour Cream & Onion Potato Chips,1.49,53,g,100g,2.81,True,5092358-EA-000,"Pantry|Snacks, Treats & Easy Meals","Chips, Nuts & Snacks",2026-08-03 20:02:00,2026-08-03,f72fd8ba050fd2c9
PaknSave,PAK'nSAVE Highland Park,2a1b331a-fc4a-496a-b072-e97cc8f70cae,onion,Brown Onions,1.99,1,kg,1kg,1.99,False,5045856-KGM-000,Fruit & Vegetables,Vegetables,2026-08-03 20:02:00,2026-08-03,90340e00a656e217
PaknSave,PAK'nSAVE Highland Park,2a1b331a-fc4a-496a-b072-e97cc8f70cae,onion,Spring Onions,1.67,1,ea,ea,1.67,True,5040009-EA-000,Fruit & Vegetables,Vegetables,2026-08-03 20:02:00,2026-08-03,7cb6c28e069eb9bd
PaknSave,PAK'nSAVE Highland Park,2a1b331a-fc4a-496a-b072-e97cc8f70cae,onion,Naturals Eco Onion Powder Fine,2.03,40,g,10g,0.51,False,5219807-EA-000,Pantry,"Spices, Seasoning & Coatings",2026-08-03 20:02:00,2026-08-03,ba63d310a94086d5
PaknSave,PAK'nSAVE Highland Park,2a1b331a-fc4a-496a-b072-e97cc8f70cae,onion,Originals Green Onion Potato Chips,2.49,150,g,100g,1.66,False,5010718-EA-000,"Pantry|Snacks, Treats & Easy Meals","Chips, Nuts & Snacks",2026-08-03 20:02:00,2026-08-03,e2c8c2391815ba11
PaknSave,PAK'nSAVE Highland Park,2a1b331a-fc4a-496a-b072-e97cc8f70cae,onion,Savoury Onion Tuna,2.69,95,g,1kg,28.32,False,5009953-EA-000,Pantry,Canned Foods & Packets,2026-08-03 20:02:00,2026-08-03,7c52db262655bfc8
PaknSave,PAK'nSAVE Highland Park,2a1b331a-fc4a-496a-b072-e97cc8f70cae,onion,Brown Onion Flavoured Gravy Mix,2.69,3,x 31g,10g,0.29,False,5025664-EA-000,Pantry,"Cooking Sauces, Stocks & Marinades",2026-08-03 20:02:00,2026-08-03,7f35a094edf491c9
PaknSave,PAK'nSAVE Highland Park,2a1b331a-fc4a-496a-b072-e97cc8f70cae,onion,Munchos Cheese & Onion Cereal Snacks,2.69,100,g,100g,2.69,False,5023038-EA-000,"Pantry|Snacks, Treats & Easy Meals","Chips, Nuts & Snacks",2026-08-03 20:02:00,2026-08-03,59933d9502e7b0d8
PaknSave,PAK'nSAVE Highland Park,2a1b331a-fc4a-496a-b072-e97cc8f70cae,onion,Caramelised Onion & Garlic Pasta Sauce,2.5,510,g,100g,0.49,True,5005317-EA-000,Pantry,"Cooking Sauces, Stocks & Marinades",2026-08-03 20:02:00,2026-08-03,97934e77dd064b01
PaknSave,PAK'nSAVE Highland Park,2a1b331a-fc4a-496a-b072-e97cc8f70cae,onion,Sensations Sweet Potato Pumpkin & Caramelised Onion With Roasted Garlic Croutons Soup,3.19,2,x 31.5g,100g,5.06,False,5265601-EA-000,Pantry,Canned Foods & Packets,2026-08-03 20:02:00,2026-08-03,a428b592dae932c3
PaknSave,PAK'nSAVE Highland Park,2a1b331a-fc4a-496a-b072-e97cc8f70cae,onion,Pickled Onions,3.49,520,g,1kg,6.71,False,5003821-EA-000,Pantry,"Table Sauces, Dressings & Condiments",2026-08-03 20:02:00,2026-08-03,d3cbc0b0fced2880
PaknSave,PAK'nSAVE Highland Park,2a1b331a-fc4a-496a-b072-e97cc8f70cae,onion,Minis Sour Cream & Onion Potato Chips,3.99,5,x 19g,100g,4.2,False,5248743-EA-000,"Pantry|Snacks, Treats & Easy Meals","Chips, Nuts & Snacks",2026-08-03 20:02:00,2026-08-03,47587978f4176ec0
PaknSave,PAK'nSAVE Highland Park,2a1b331a-fc4a-496a-b072-e97cc8f70cae,onion,Kiwi Onion Dip,3.99,250,g,100g,1.6,False,5011629-EA-000,"Fridge, Deli & Eggs","Dips, Hummus & Antipasti",2026-08-03 20:02:00,2026-08-03,1d4964f32fe8c1fc
PaknSave,PAK'nSAVE Highland Park,2a1b331a-fc4a-496a-b072-e97cc8f70cae,onion,Creamy Onion Dip,4.09,250,g,100g,1.64,False,5001060-EA-000,"Fridge, Deli & Eggs","Dips, Hummus & Antipasti",2026-08-03 20:02:00,2026-08-03,e9e3424a032668dc
PaknSave,PAK'nSAVE Highland Park,2a1b331a-fc4a-496a-b072-e97cc8f70cae,onion,Roast Garlic & Onion Creamy Dip,4.09,250,g,100g,1.64,False,5001061-EA-000,"Fridge, Deli & Eggs","Dips, Hummus & Antipasti",2026-08-03 20:02:00,2026-08-03,5d2dee24c7e37afc
PaknSave,PAK'nSAVE Highland Park,2a1b331a-fc4a-496a-b072-e97cc8f70cae,onion,Brown Onions,4.1,1.5,kg,1kg,2.73,False,5264187-EA-000,Fruit & Vegetables,Vegetables,2026-08-03 20:02:00,2026-08-03,9096923c1b638c2b
PaknSave,PAK'nSAVE Highland Park,2a1b331a-fc4a-496a-b072-e97cc8f70cae,onion,Red Onions,3.0,1,kg,1kg,3.0,True,5264183-EA-000,Fruit & Vegetables,Vegetables,2026-08-03 20:02:00,2026-08-03,1d6d4de4dfb207a2
PaknSave,PAK'nSAVE Highland Park,2a1b331a-fc4a-496a-b072-e97cc8f70cae,onion,Chunky Carbonara With Cream Onion & Cheese Pasta Sauce,4.41,490,g,100g,0.9,False,5091772-EA-000,Pantry,"Cooking Sauces, Stocks & Marinades",2026-08-03 20:02:00,2026-08-03,6f1cae67a1c190e4
PaknSave,PAK'nSAVE Highland Park,2a1b331a-fc4a-496a-b072-e97cc8f70cae,onion,Roasted Garlic Chunky Tomato & Onion Pasta Sauce,4.41,500,g,100g,0.88,False,5091771-EA-000,Pantry,"Cooking Sauces, Stocks & Marinades",2026-08-03 20:02:00,2026-08-03,707b70a56c7db61d
PaknSave,PAK'nSAVE Highland Park,2a1b331a-fc4a-496a-b072-e97cc8f70cae,onion,Pub Style Crispy Onion Rings,4.49,500,g,1kg,8.98,True,5249783-EA-000,Frozen,"Frozen Dumplings, Pies & Snacks",2026-08-03 20:02:00,2026-08-03,e1c381b1ac77b929
PaknSave,PAK'nSAVE Highland Park,2a1b331a-fc4a-496a-b072-e97cc8f70cae,onion,Kettle Fried Sour Cream Chive Onion Potato Chips,4.79,150,g,100g,3.19,False,5283867-EA-000,"Pantry|Snacks, Treats & Easy Meals","Chips, Nuts & Snacks",2026-08-03 20:02:00,2026-08-03,4697bea244be78ab
PaknSave,PAK'nSAVE Highland Park,2a1b331a-fc4a-496a-b072-e97cc8f70cae,onion,Caramelised Onion Hummus With Rosemary & Lemon,4.79,200,g,100g,2.4,False,5021113-EA-000,"Fridge, Deli & Eggs","Dips, Hummus & Antipasti",2026-08-03 20:02:00,2026-08-03,94d4d2b32fa7e8f1
PaknSave,PAK'nSAVE Highland Park,2a1b331a-fc4a-496a-b072-e97cc8f70cae,onion,Tomato Onion & Roast Garlic Pasta Sauce Jar,4.79,500,g,100g,0.96,False,5009205-EA-000,Pantry,"Cooking Sauces, Stocks & Marinades",2026-08-03 20:02:00,2026-08-03,3084e56c1c9d85f2
PaknSave,PAK'nSAVE Highland Park,2a1b331a-fc4a-496a-b072-e97cc8f70cae,onion,Brown Onions,4.99,2,kg,1kg,2.5,False,5264168-EA-000,Fruit & Vegetables,Vegetables,2026-08-03 20:02:00,2026-08-03,ef90df002fec8501
PaknSave,PAK'nSAVE Highland Park,2a1b331a-fc4a-496a-b072-e97cc8f70cae,onion,Sage & Onion Stuffed Chicken,16.79,1.9,kg,1kg,8.84,False,5026820-EA-000,"Meat, Poultry & Seafood",Chicken & Poultry,2026-08-03 20:02:00,2026-08-03,30eadf28489879b7
PaknSave,PAK'nSAVE Highland Park,2a1b331a-fc4a-496a-b072-e97cc8f70cae,carrot,Carrots,1.88,1,kg,1kg,1.88,False,5039965-KGM-000,Fruit & Vegetables,Vegetables,2026-08-03 20:02:00,2026-08-03,8899c999e9686e5d
PaknSave,PAK'nSAVE Highland Park,2a1b331a-fc4a-496a-b072-e97cc8f70cae,carrot,With Roasted Carrot & Honey,2.99,175,g,100g,1.71,True,5023534-EA-000,"Fridge, Deli & Eggs","Dips, Hummus & Antipasti",2026-08-03 20:02:00,2026-08-03,b894b3d6c0f2f234
PaknSave,PAK'nSAVE Highland Park,2a1b331a-fc4a-496a-b072-e97cc8f70cae,carrot,"Peas, Corn & Carrots",3.59,500,g,1kg,7.18,False,5020057-EA-000,Frozen,Frozen Vegetables,2026-08-03 20:02:00,2026-08-03,aef838e4b39ea2be
PaknSave,PAK'nSAVE Highland Park,2a1b331a-fc4a-496a-b072-e97cc8f70cae,carrot,Baby Carrots & Whole Baby Beans,3.79,750,g,1kg,5.05,True,5017820-EA-000,Frozen,Frozen Vegetables,2026-08-03 20:02:00,2026-08-03,f46b6e20233164cd
PaknSave,PAK'nSAVE Highland Park,2a1b331a-fc4a-496a-b072-e97cc8f70cae,carrot,Beta Bites Snacking Carrots,2.5,250,g,1kg,10.0,True,5245226-EA-000,Fruit & Vegetables,Vegetables,2026-08-03 20:02:00,2026-08-03,1a0d364834d1a2f4
PaknSave,PAK'nSAVE Highland Park,2a1b331a-fc4a-496a-b072-e97cc8f70cae,carrot,Carrot Batons,3.79,300,g,1kg,12.63,False,5241265-EA-000,Fruit & Vegetables,Vegetables,2026-08-03 20:02:00,2026-08-03,0feacf782be673b5
PaknSave,PAK'nSAVE Highland Park,2a1b331a-fc4a-496a-b072-e97cc8f70cae,carrot,Shredded Carrots,3.79,300,g,1kg,12.63,False,5241267-EA-000,Fruit & Vegetables,Vegetables,2026-08-03 20:02:00,2026-08-03,c2ba61a84f0dfd99
PaknSave,PAK'nSAVE Highland Park,2a1b331a-fc4a-496a-b072-e97cc8f70cae,carrot,Steam Fresh Carrot Cauliflower & Broccoli With Cheese Sauce Vege Plus,4.19,235,g,1kg,17.83,False,5234379-EA-000,Frozen,Frozen Vegetables,2026-08-03 20:02:00,2026-08-03,409574895831dd7b
PaknSave,PAK'nSAVE Highland Park,2a1b331a-fc4a-496a-b072-e97cc8f70cae,carrot,"Steam Fresh Sweetcorn, Carrots & Broccoli Vege Mix",4.19,320,g,1kg,13.09,False,5033922-EA-000,Frozen,Frozen Vegetables,2026-08-03 20:02:00,2026-08-03,46f5d753e2542b80
PaknSave,PAK'nSAVE Highland Park,2a1b331a-fc4a-496a-b072-e97cc8f70cae,carrot,Fresh Carrots,5.39,2,kg,1kg,2.7,False,5264169-EA-000,Fruit & Vegetables,Vegetables,2026-08-03 20:02:00,2026-08-03,a9e5170ddeaaf5ef
PaknSave,PAK'nSAVE Highland Park,2a1b331a-fc4a-496a-b072-e97cc8f70cae,carrot,Medium Carrot Cake,6.99,1,ea,ea,6.99,False,5114090-EA-000,Bakery,"Cakes, Muffins & Desserts|In-Store Bakery",2026-08-03 20:02:00,2026-08-03,3479f0a812a59497
PaknSave,PAK'nSAVE Highland Park,2a1b331a-fc4a-496a-b072-e97cc8f70cae,carrot,Carrot Cake,33.99,1.4,kg,100g,2.43,False,5011228-EA-000,Bakery,"Cakes, Muffins & Desserts",2026-08-03 20:02:00,2026-08-03,b17d22d8c9b2ae03
PaknSave,PAK'nSAVE Highland Park,2a1b331a-fc4a-496a-b072-e97cc8f70cae,garlic,Naturals Eco Garlic Granules,2.03,40,g,10g,0.51,False,5241729-EA-000,Pantry,"Spices, Seasoning & Coatings",2026-08-03 20:02:00,2026-08-03,aa3c76b764f7ad01
PaknSave,PAK'nSAVE Highland Park,2a1b331a-fc4a-496a-b072-e97cc8f70cae,garlic,Naturals Eco Garlic Powder,2.03,40,g,10g,0.51,False,5241730-EA-000,Pantry,"Spices, Seasoning & Coatings",2026-08-03 20:02:00,2026-08-03,6ddc3f32ac5e8d1e
PaknSave,PAK'nSAVE Highland Park,2a1b331a-fc4a-496a-b072-e97cc8f70cae,garlic,Crushed Garlic,2.29,230,g,1kg,9.96,False,5008899-EA-000,Pantry,"Spices, Seasoning & Coatings",2026-08-03 20:02:00,2026-08-03,575d8a7ede5d7c6f
PaknSave,PAK'nSAVE Highland Park,2a1b331a-fc4a-496a-b072-e97cc8f70cae,garlic,Naturals Eco Garlic Salt,2.31,80,g,10g,0.29,False,5032740-EA-000,Pantry,"Spices, Seasoning & Coatings",2026-08-03 20:02:00,2026-08-03,60af4444673a2bf0
PaknSave,PAK'nSAVE Highland Park,2a1b331a-fc4a-496a-b072-e97cc8f70cae,garlic,Garlic Powder,2.59,45,g,10g,0.58,False,5334356-EA-000,Pantry,"Spices, Seasoning & Coatings",2026-08-03 20:02:00,2026-08-03,95530aea28e60ef1
PaknSave,PAK'nSAVE Highland Park,2a1b331a-fc4a-496a-b072-e97cc8f70cae,garlic,Crushed Garlic,2.99,185,g,1kg,16.16,False,5046206-EA-000,Pantry,"Spices, Seasoning & Coatings",2026-08-03 20:02:00,2026-08-03,f434d568ffee2538
PaknSave,PAK'nSAVE Highland Park,2a1b331a-fc4a-496a-b072-e97cc8f70cae,garlic,Organic Eco Garlic Powder,3.44,30,g,10g,1.15,False,5226259-EA-000,Pantry,"Spices, Seasoning & Coatings",2026-08-03 20:02:00,2026-08-03,d6fc01e94baca22b
PaknSave,PAK'nSAVE Highland Park,2a1b331a-fc4a-496a-b072-e97cc8f70cae,garlic,Garlic & Herb Salt Blend,3.49,62,g,10g,0.56,False,5025868-EA-000,Pantry,"Spices, Seasoning & Coatings",2026-08-03 20:02:00,2026-08-03,95f3febbb51bc711
PaknSave,PAK'nSAVE Highland Park,2a1b331a-fc4a-496a-b072-e97cc8f70cae,garlic,Garlic Salt Blend,3.49,70,g,10g,0.5,False,5026173-EA-000,Pantry,"Spices, Seasoning & Coatings",2026-08-03 20:02:00,2026-08-03,51369348f5116f1b
PaknSave,PAK'nSAVE Highland Park,2a1b331a-fc4a-496a-b072-e97cc8f70cae,garlic,Finely Crushed Garlic Jar,3.59,170,g,1kg,21.12,False,5002550-EA-000,Pantry,"Spices, Seasoning & Coatings",2026-08-03 20:02:00,2026-08-03,ecb1f8056fd46ca9
PaknSave,PAK'nSAVE Highland Park,2a1b331a-fc4a-496a-b072-e97cc8f70cae,garlic,Crushed Garlic,4.29,380,g,1kg,11.29,False,5046212-EA-000,Pantry,"Spices, Seasoning & Coatings",2026-08-03 20:02:00,2026-08-03,cf4003c0a5c754ea
PaknSave,PAK'nSAVE Highland Park,2a1b331a-fc4a-496a-b072-e97cc8f70cae,garlic,Garlic & Herb Salt Blend,7.99,200,g,10g,0.4,False,5017253-EA-000,Pantry,"Spices, Seasoning & Coatings",2026-08-03 20:02:00,2026-08-03,299d7bf892de32e1
PaknSave,PAK'nSAVE Highland Park,2a1b331a-fc4a-496a-b072-e97cc8f70cae,garlic,Garlic Salt Blend,7.99,210,g,10g,0.38,False,5012903-EA-000,Pantry,"Spices, Seasoning & Coatings",2026-08-03 20:02:00,2026-08-03,d38ec5c06ae2bb43
PaknSave,PAK'nSAVE Highland Park,2a1b331a-fc4a-496a-b072-e97cc8f70cae,mixed herbs,Naturals Eco Mixed Herbs,2.03,10,g,10g,2.03,False,5026706-EA-000,Pantry,"Spices, Seasoning & Coatings",2026-08-03 20:02:00,2026-08-03,21de3ee2c8019ac3
PaknSave,PAK'nSAVE Highland Park,2a1b331a-fc4a-496a-b072-e97cc8f70cae,mixed herbs,Mixed Herb Blend,2.59,13,g,10g,1.99,False,5334348-EA-000,Pantry,"Spices, Seasoning & Coatings",2026-08-03 20:02:00,2026-08-03,cbe3eafc49f2e49b
PaknSave,PAK'nSAVE Highland Park,2a1b331a-fc4a-496a-b072-e97cc8f70cae,mixed herbs,Organic Eco Mixed Herbs,3.44,12,g,10g,2.87,False,5268077-EA-000,Pantry,"Spices, Seasoning & Coatings",2026-08-03 20:02:00,2026-08-03,d110c4ecdd16b085
PaknSave,PAK'nSAVE Highland Park,2a1b331a-fc4a-496a-b072-e97cc8f70cae,mixed herbs,Naturals Mixed Herbs Canister,5.55,40,g,10g,1.39,True,5295191-EA-000,Pantry,"Spices, Seasoning & Coatings",2026-08-03 20:02:00,2026-08-03,e8a0f528e49fe74f
PaknSave,PAK'nSAVE Highland Park,2a1b331a-fc4a-496a-b072-e97cc8f70cae,mixed herbs,Mixed Salad,5.99,300,g,1kg,19.97,False,5334724-EA-000,Fruit & Vegetables,Fresh Salad & Herbs,2026-08-03 20:02:00,2026-08-03,e3612bb08d1f8c71
PaknSave,PAK'nSAVE Highland Park,2a1b331a-fc4a-496a-b072-e97cc8f70cae,mixed herbs,Mixed Herb Blend,7.99,40,g,10g,2.0,False,5011961-EA-000,Pantry,"Spices, Seasoning & Coatings",2026-08-03 20:02:00,2026-08-03,ac2fa0fd62990e00
PaknSave,PAK'nSAVE Botany,60561e46-ece7-43a7-b142-9b14812586e4,beef mince,Honest Beef Burgers With Smokey Caramelised Onion,14.49,500,g,1kg,28.98,False,5329042-EA-000,,Beef,2026-08-03 20:39:34,2026-08-03,1a644154dc5a7a8c
PaknSave,PAK'nSAVE Botany,60561e46-ece7-43a7-b142-9b14812586e4,beef mince,Family Burgers,8.99,6,pk,ea,1.5,False,5282799-EA-000,,Beef,2026-08-03 20:39:34,2026-08-03,0cbc1bd0de43814c
PaknSave,PAK'nSAVE Botany,60561e46-ece7-43a7-b142-9b14812586e4,beef mince,Honest Beef & Lamb Burgers With A Hint Of Manuka Smoked Salt,14.49,500,g,1kg,28.98,False,5285438-EA-000,,Beef,2026-08-03 20:39:34,2026-08-03,c8c4851e9f4eea21
PaknSave,PAK'nSAVE Botany,60561e46-ece7-43a7-b142-9b14812586e4,beef mince,Family Meatballs,8.99,400,g,1kg,22.48,False,5282800-EA-000,,Beef,2026-08-03 20:39:34,2026-08-03,d27b200a7c06e58c
PaknSave,PAK'nSAVE Botany,60561e46-ece7-43a7-b142-9b14812586e4,beef mince,Honest Beef Burgers With A Touch Of Horopito Pepper,14.49,500,g,1kg,28.98,False,5285439-EA-000,,Beef,2026-08-03 20:39:34,2026-08-03,10cf2e3cf381e977
PaknSave,PAK'nSAVE Botany,60561e46-ece7-43a7-b142-9b14812586e4,beef mince,Craft Angus Beef Meatballs,9.89,400,g,1kg,24.73,False,5276234-EA-000,,Beef,2026-08-03 20:39:34,2026-08-03,69702948b806bd72
PaknSave,PAK'nSAVE Botany,60561e46-ece7-43a7-b142-9b14812586e4,beef mince,Craft Angus Beef Burgers,9.89,4,pk,ea,2.47,False,5276226-EA-000,,Beef,2026-08-03 20:39:34,2026-08-03,281e4b0cac889fb0
PaknSave,PAK'nSAVE Botany,60561e46-ece7-43a7-b142-9b14812586e4,beef mince,Beef Flavoured Sausages,6.19,450,g,1kg,13.76,False,5295702-EA-000,,"Mince, Sausages & Meatballs",2026-08-03 20:39:34,2026-08-03,0e6fa9f4adbaceee
PaknSave,PAK'nSAVE Botany,60561e46-ece7-43a7-b142-9b14812586e4,canned tomatoes,Baked Beans In Tomato Sauce,0.99,400,g,100g,0.25,False,5092719-EA-000,,Canned Foods & Packets,2026-08-03 20:39:34,2026-08-03,ca4c71b0ebc45ce4
PaknSave,PAK'nSAVE Botany,60561e46-ece7-43a7-b142-9b14812586e4,canned tomatoes,Tomato & Basil Tuna,1.3,95,g,1kg,13.68,False,5005019-EA-000,,Canned Foods & Packets,2026-08-03 20:39:34,2026-08-03,5b81752b98603ac4
PaknSave,PAK'nSAVE Botany,60561e46-ece7-43a7-b142-9b14812586e4,canned tomatoes,Spaghetti In Tomato Sauce,0.99,400,g,100g,0.25,False,5092740-EA-000,,Canned Foods & Packets,2026-08-03 20:39:34,2026-08-03,ff52a965fe01791c
PaknSave,PAK'nSAVE Botany,60561e46-ece7-43a7-b142-9b14812586e4,canned tomatoes,Tomato And Basil Tuna,2.39,185,g,1kg,12.92,False,5005018-EA-000,,Canned Foods & Packets,2026-08-03 20:39:34,2026-08-03,6b3983d0ed544297
PaknSave,PAK'nSAVE Botany,60561e46-ece7-43a7-b142-9b14812586e4,canned tomatoes,Sardines In Tomato Sauce,1.99,106,g,1kg,18.77,False,5004744-EA-000,,Canned Foods & Packets,2026-08-03 20:39:34,2026-08-03,fae327a43ae0df9d
PaknSave,PAK'nSAVE Botany,60561e46-ece7-43a7-b142-9b14812586e4,onion,Leeks,1.99,1,ea,ea,1.99,False,5039985-EA-000,,Vegetables,2026-08-03 20:39:34,2026-08-03,988f4642a329e9aa
PaknSave,PAK'nSAVE Botany,60561e46-ece7-43a7-b142-9b14812586e4,onion,Organic Red Onions,9.99,750,g,1kg,13.32,False,5046869-EA-000,,Vegetables,2026-08-03 20:39:34,2026-08-03,36a2657100f26ea2
PaknSave,PAK'nSAVE Botany,60561e46-ece7-43a7-b142-9b14812586e4,carrot,NZ Celery,2.99,1,ea,ea,2.99,False,5046562-EA-000,,Vegetables,2026-08-03 20:39:34,2026-08-03,a06fe936f2592605
PaknSave,PAK'nSAVE Botany,60561e46-ece7-43a7-b142-9b14812586e4,carrot,Parsnips,7.89,1,kg,1kg,7.89,False,5046568-KGM-000,,Vegetables,2026-08-03 20:39:34,2026-08-03,0c8fdfa5b4028e48
PaknSave,PAK'nSAVE Botany,60561e46-ece7-43a7-b142-9b14812586e4,carrot,Beetroot,5.49,1,kg,1kg,5.49,False,5039953-KGM-000,,Vegetables,2026-08-03 20:39:34,2026-08-03,e5d66fcc9cf2d103
PaknSave,PAK'nSAVE Botany,60561e46-ece7-43a7-b142-9b14812586e4,carrot,Celery Half,1.49,1,ea,ea,1.49,False,5046509-EA-000,,Vegetables,2026-08-03 20:39:34,2026-08-03,c0788e284a68cb13
PaknSave,PAK'nSAVE Botany,60561e46-ece7-43a7-b142-9b14812586e4,carrot,Organic Carrots,7.99,1,kg,1kg,7.99,False,5040672-EA-000,,Vegetables,2026-08-03 20:39:34,2026-08-03,561ee7e5816c9add
PaknSave,PAK'nSAVE Botany,60561e46-ece7-43a7-b142-9b14812586e4,carrot,Yams,5.49,400,g,1kg,13.73,False,5234390-EA-000,,Vegetables,2026-08-03 20:39:34,2026-08-03,b3495d45fa9b3333
PaknSave,PAK'nSAVE Botany,60561e46-ece7-43a7-b142-9b14812586e4,carrot,Shredded Beetroot,3.99,300,g,1kg,13.3,False,5241266-EA-000,,Vegetables,2026-08-03 20:39:34,2026-08-03,80211f9decb6eac7
PaknSave,PAK'nSAVE Botany,60561e46-ece7-43a7-b142-9b14812586e4,carrot,Swedes,6.99,1,kg,1kg,6.99,False,5045861-KGM-000,,Vegetables,2026-08-03 20:39:34,2026-08-03,e51cc4d11597b9e8
PaknSave,PAK'nSAVE Botany,60561e46-ece7-43a7-b142-9b14812586e4,carrot,Red Yams,9.99,1,kg,1kg,9.99,False,5046580-KGM-000,,Vegetables,2026-08-03 20:39:34,2026-08-03,071ddad530dac401
PaknSave,PAK'nSAVE Botany,60561e46-ece7-43a7-b142-9b14812586e4,carrot,Beetroot,5.49,250,g,1kg,21.96,False,5040603-EA-000,,Vegetables,2026-08-03 20:39:34,2026-08-03,87d0152df2b98c79
PaknSave,PAK'nSAVE Botany,60561e46-ece7-43a7-b142-9b14812586e4,carrot,Radish,4.49,1,pk,1kg,22.45,False,5040500-EA-000,,Vegetables,2026-08-03 20:39:34,2026-08-03,d78fb3bf443e1393
PaknSave,PAK'nSAVE Botany,60561e46-ece7-43a7-b142-9b14812586e4,garlic,Garlic,1.99,7,pk,ea,0.28,False,5046145-EA-000,,Fresh Salad & Herbs,2026-08-03 20:39:34,2026-08-03,8222db0a40dead8e
PaknSave,PAK'nSAVE Botany,60561e46-ece7-43a7-b142-9b14812586e4,garlic,Peeled Garlic,4.49,500,g,1kg,8.98,False,5046757-EA-000,,Fresh Salad & Herbs,2026-08-03 20:39:34,2026-08-03,5b6a46af53de519f
PaknSave,PAK'nSAVE Botany,60561e46-ece7-43a7-b142-9b14812586e4,garlic,Ginger,5.99,1,kg,1kg,5.99,False,5046576-KGM-000,,"Spices, Seasoning & Coatings",2026-08-03 20:39:34,2026-08-03,adadec6be09a921e
PaknSave,PAK'nSAVE Botany,60561e46-ece7-43a7-b142-9b14812586e4,garlic,Crushed Ginger,2.29,230,g,1kg,9.96,False,5040573-EA-000,,"Spices, Seasoning & Coatings",2026-08-03 20:39:34,2026-08-03,c796728e4bda272c
PaknSave,PAK'nSAVE Botany,60561e46-ece7-43a7-b142-9b14812586e4,garlic,Par-Baked Garlic Buffet Rolls,4.99,12,pk,ea,0.42,False,5033485-EA-000,,"Burger Buns, Rolls & Garlic Bread",2026-08-03 20:39:34,2026-08-03,f22ca098a5420742
PaknSave,PAK'nSAVE Botany,60561e46-ece7-43a7-b142-9b14812586e4,garlic,Garlic Naan Bread,5.49,2,pk,ea,2.75,False,5221912-EA-000,,"Chilled Pasta, Pizza & Garlic Bread",2026-08-03 20:39:34,2026-08-03,a384b7f2eb022a23
PaknSave,PAK'nSAVE Botany,60561e46-ece7-43a7-b142-9b14812586e4,garlic,Crushed Ginger,2.99,185,g,1kg,16.16,False,5046207-EA-000,,"Spices, Seasoning & Coatings",2026-08-03 20:39:34,2026-08-03,27e31edb15d933f8
PaknSave,PAK'nSAVE Ormiston,5f167936-79ae-4f6a-b9d2-74afe1bb096b,beef mince,Family Burgers,8.99,6,pk,ea,1.5,False,5282799-EA-000,,Beef,2026-08-03 20:39:34,2026-08-03,410420eff74f4901
PaknSave,PAK'nSAVE Ormiston,5f167936-79ae-4f6a-b9d2-74afe1bb096b,beef mince,Honest Beef & Lamb Burgers With A Hint Of Manuka Smoked Salt,14.49,500,g,1kg,28.98,False,5285438-EA-000,,Beef,2026-08-03 20:39:34,2026-08-03,95a25a492607aaa7
PaknSave,PAK'nSAVE Ormiston,5f167936-79ae-4f6a-b9d2-74afe1bb096b,beef mince,Family Meatballs,8.99,400,g,1kg,22.48,False,5282800-EA-000,,Beef,2026-08-03 20:39:34,2026-08-03,61f3b29259eeef59
PaknSave,PAK'nSAVE Ormiston,5f167936-79ae-4f6a-b9d2-74afe1bb096b,beef mince,Classic Beef Burgers,7.49,4,x 100g,1kg,18.73,False,5328594-EA-000,,Beef,2026-08-03 20:39:34,2026-08-03,8d3bd95268b75cd4
PaknSave,PAK'nSAVE Ormiston,5f167936-79ae-4f6a-b9d2-74afe1bb096b,beef mince,Craft Angus Beef Meatballs,9.89,400,g,1kg,24.73,False,5276234-EA-000,,Beef,2026-08-03 20:39:34,2026-08-03,92ea869ec62c4cb9
PaknSave,PAK'nSAVE Ormiston,5f167936-79ae-4f6a-b9d2-74afe1bb096b,beef mince,Craft Angus Beef Burgers,9.89,4,pk,ea,2.47,False,5276226-EA-000,,Beef,2026-08-03 20:39:34,2026-08-03,400f2afceeb80a9c
PaknSave,PAK'nSAVE Ormiston,5f167936-79ae-4f6a-b9d2-74afe1bb096b,canned tomatoes,Baked Beans In Tomato Sauce,0.99,400,g,100g,0.25,False,5092719-EA-000,,Canned Foods & Packets,2026-08-03 20:39:34,2026-08-03,e50c6a04d8c190d0
PaknSave,PAK'nSAVE Ormiston,5f167936-79ae-4f6a-b9d2-74afe1bb096b,canned tomatoes,Tomato & Basil Tuna,1.3,95,g,1kg,13.68,False,5005019-EA-000,,Canned Foods & Packets,2026-08-03 20:39:34,2026-08-03,c0085b80f891b6af
PaknSave,PAK'nSAVE Ormiston,5f167936-79ae-4f6a-b9d2-74afe1bb096b,canned tomatoes,Spaghetti In Tomato Sauce,0.99,400,g,100g,0.25,False,5092740-EA-000,,Canned Foods & Packets,2026-08-03 20:39:34,2026-08-03,05b026349c0eb75a
PaknSave,PAK'nSAVE Ormiston,5f167936-79ae-4f6a-b9d2-74afe1bb096b,canned tomatoes,Tomato And Basil Tuna,2.39,185,g,1kg,12.92,False,5005018-EA-000,,Canned Foods & Packets,2026-08-03 20:39:34,2026-08-03,ede6a5e6c761f191
PaknSave,PAK'nSAVE Ormiston,5f167936-79ae-4f6a-b9d2-74afe1bb096b,canned tomatoes,Sardines In Tomato Sauce,2.29,106,g,1kg,21.6,False,5004744-EA-000,,Canned Foods & Packets,2026-08-03 20:39:34,2026-08-03,3b08a6c9d5756556
PaknSave,PAK'nSAVE Ormiston,5f167936-79ae-4f6a-b9d2-74afe1bb096b,onion,Leeks,2.49,1,ea,ea,2.49,False,5039985-EA-000,,Vegetables,2026-08-03 20:39:34,2026-08-03,af8e128aff31a972
PaknSave,PAK'nSAVE Ormiston,5f167936-79ae-4f6a-b9d2-74afe1bb096b,onion,Shallots,16.99,1,kg,1kg,16.99,False,5039016-KGM-000,,Vegetables,2026-08-03 20:39:34,2026-08-03,ca21c7bce35529c4
PaknSave,PAK'nSAVE Ormiston,5f167936-79ae-4f6a-b9d2-74afe1bb096b,onion,Brown Onions,17.99,10,kg,1kg,1.8,False,5045845-EA-000,,Vegetables,2026-08-03 20:39:34,2026-08-03,e4c6fdf665e1f191
PaknSave,PAK'nSAVE Ormiston,5f167936-79ae-4f6a-b9d2-74afe1bb096b,onion,Peeled Red Onions,3.49,500,g,1kg,6.98,False,5264182-EA-000,,Vegetables,2026-08-03 20:39:34,2026-08-03,5766b577895dd685
PaknSave,PAK'nSAVE Ormiston,5f167936-79ae-4f6a-b9d2-74afe1bb096b,carrot,NZ Celery,2.99,1,ea,ea,2.99,False,5046562-EA-000,,Vegetables,2026-08-03 20:39:34,2026-08-03,60a7af5f9d741e3e
PaknSave,PAK'nSAVE Ormiston,5f167936-79ae-4f6a-b9d2-74afe1bb096b,carrot,Parsnips,4.99,1,kg,1kg,4.99,False,5046568-KGM-000,,Vegetables,2026-08-03 20:39:34,2026-08-03,649a79ebc42dc9eb
PaknSave,PAK'nSAVE Ormiston,5f167936-79ae-4f6a-b9d2-74afe1bb096b,carrot,Beetroot,4.99,1,kg,1kg,4.99,False,5039953-KGM-000,,Vegetables,2026-08-03 20:39:34,2026-08-03,dfaca3fc43496c64
PaknSave,PAK'nSAVE Ormiston,5f167936-79ae-4f6a-b9d2-74afe1bb096b,carrot,Celery Half,1.49,1,ea,ea,1.49,False,5046509-EA-000,,Vegetables,2026-08-03 20:39:34,2026-08-03,396fd23a2cae6e64
PaknSave,PAK'nSAVE Ormiston,5f167936-79ae-4f6a-b9d2-74afe1bb096b,carrot,Yams,5.99,400,g,1kg,14.98,False,5234390-EA-000,,Vegetables,2026-08-03 20:39:34,2026-08-03,bd121d6beec130da
PaknSave,PAK'nSAVE Ormiston,5f167936-79ae-4f6a-b9d2-74afe1bb096b,carrot,Shredded Beetroot,3.49,300,g,1kg,11.63,False,5241266-EA-000,,Vegetables,2026-08-03 20:39:34,2026-08-03,5b119fa94b1f10cc
PaknSave,PAK'nSAVE Ormiston,5f167936-79ae-4f6a-b9d2-74afe1bb096b,carrot,Island Taro Root,9.99,1,kg,1kg,9.99,False,5046475-KGM-000,,Vegetables,2026-08-03 20:39:34,2026-08-03,dcc3ac76a414c07e
PaknSave,PAK'nSAVE Ormiston,5f167936-79ae-4f6a-b9d2-74afe1bb096b,carrot,Swedes,6.99,1,kg,1kg,6.99,False,5045861-KGM-000,,Vegetables,2026-08-03 20:39:34,2026-08-03,bc0187b64b1f756b
PaknSave,PAK'nSAVE Ormiston,5f167936-79ae-4f6a-b9d2-74afe1bb096b,carrot,Beetroot,5.39,250,g,1kg,21.56,False,5040603-EA-000,,Vegetables,2026-08-03 20:39:34,2026-08-03,2800542458861043
PaknSave,PAK'nSAVE Ormiston,5f167936-79ae-4f6a-b9d2-74afe1bb096b,carrot,Radish,3.99,1,pk,1kg,19.95,False,5040500-EA-000,,Vegetables,2026-08-03 20:39:34,2026-08-03,6329b4d4df6fd44d
PaknSave,PAK'nSAVE Ormiston,5f167936-79ae-4f6a-b9d2-74afe1bb096b,garlic,Loose Garlic,39.99,1,kg,1kg,39.99,False,5046565-KGM-000,,Fresh Salad & Herbs,2026-08-03 20:39:34,2026-08-03,411c4d7ba39e9410
PaknSave,PAK'nSAVE Ormiston,5f167936-79ae-4f6a-b9d2-74afe1bb096b,garlic,Garlic,1.99,7,pk,ea,0.28,False,5046145-EA-000,,Fresh Salad & Herbs,2026-08-03 20:39:34,2026-08-03,f346417c961a7bf1
PaknSave,PAK'nSAVE Ormiston,5f167936-79ae-4f6a-b9d2-74afe1bb096b,garlic,Peeled Garlic,3.99,500,g,1kg,7.98,False,5046757-EA-000,,Fresh Salad & Herbs,2026-08-03 20:39:34,2026-08-03,e97a0a0a0c9d4ffd
PaknSave,PAK'nSAVE Ormiston,5f167936-79ae-4f6a-b9d2-74afe1bb096b,garlic,Ginger,5.49,1,kg,1kg,5.49,False,5046576-KGM-000,,"Spices, Seasoning & Coatings",2026-08-03 20:39:34,2026-08-03,6cf8d52519793d09
PaknSave,PAK'nSAVE Ormiston,5f167936-79ae-4f6a-b9d2-74afe1bb096b,garlic,Crushed Ginger,2.29,230,g,1kg,9.96,False,5040573-EA-000,,"Spices, Seasoning & Coatings",2026-08-03 20:39:34,2026-08-03,f62817a2dc2c48d4
PaknSave,PAK'nSAVE Ormiston,5f167936-79ae-4f6a-b9d2-74afe1bb096b,garlic,Par-Baked Garlic Buffet Rolls,6.59,12,pk,ea,0.55,False,5033485-EA-000,,"Burger Buns, Rolls & Garlic Bread",2026-08-03 20:39:34,2026-08-03,6cd0c8c67609f79f
PaknSave,PAK'nSAVE Ormiston,5f167936-79ae-4f6a-b9d2-74afe1bb096b,garlic,Garlic Naan Bread,5.49,2,pk,ea,2.75,False,5221912-EA-000,,"Chilled Pasta, Pizza & Garlic Bread",2026-08-03 20:39:34,2026-08-03,36466bdce0b61173
PaknSave,PAK'nSAVE Highland Park,2a1b331a-fc4a-496a-b072-e97cc8f70cae,beef mince,Honest Beef Burgers With Smokey Caramelised Onion,14.49,500,g,1kg,28.98,False,5329042-EA-000,,Beef,2026-08-03 20:39:34,2026-08-03,c2451b4a90f41e15
PaknSave,PAK'nSAVE Highland Park,2a1b331a-fc4a-496a-b072-e97cc8f70cae,beef mince,Family Burgers,8.99,6,pk,ea,1.5,False,5282799-EA-000,,Beef,2026-08-03 20:39:34,2026-08-03,1ab6744ce437304e
PaknSave,PAK'nSAVE Highland Park,2a1b331a-fc4a-496a-b072-e97cc8f70cae,beef mince,Honest Beef & Lamb Burgers With A Hint Of Manuka Smoked Salt,14.49,500,g,1kg,28.98,False,5285438-EA-000,,Beef,2026-08-03 20:39:34,2026-08-03,60b46a52089e3c9d
PaknSave,PAK'nSAVE Highland Park,2a1b331a-fc4a-496a-b072-e97cc8f70cae,beef mince,Family Meatballs,8.99,400,g,1kg,22.48,False,5282800-EA-000,,Beef,2026-08-03 20:39:34,2026-08-03,1209feb96136115c
PaknSave,PAK'nSAVE Highland Park,2a1b331a-fc4a-496a-b072-e97cc8f70cae,beef mince,Tender & Saucy Bourbon Beef Brisket,23.99,600,g,1kg,39.98,False,5252544-EA-000,,Beef,2026-08-03 20:39:34,2026-08-03,6c5faa93ec480a2d
PaknSave,PAK'nSAVE Highland Park,2a1b331a-fc4a-496a-b072-e97cc8f70cae,beef mince,Spiced Beef Mini Meatballs,8.99,400,g,1kg,22.48,False,5316410-EA-000,,Beef,2026-08-03 20:39:34,2026-08-03,adab997abb0be00b
PaknSave,PAK'nSAVE Highland Park,2a1b331a-fc4a-496a-b072-e97cc8f70cae,beef mince,Honest Beef Burgers With A Touch Of Horopito Pepper,14.49,500,g,1kg,28.98,False,5285439-EA-000,,Beef,2026-08-03 20:39:34,2026-08-03,17e15ccfa09f2093
PaknSave,PAK'nSAVE Highland Park,2a1b331a-fc4a-496a-b072-e97cc8f70cae,beef mince,Craft Angus Beef Meatballs,9.89,400,g,1kg,24.73,False,5276234-EA-000,,Beef,2026-08-03 20:39:34,2026-08-03,c8fdc8d8f94b1cf2
PaknSave,PAK'nSAVE Highland Park,2a1b331a-fc4a-496a-b072-e97cc8f70cae,canned tomatoes,Baked Beans In Tomato Sauce,0.99,400,g,100g,0.25,False,5092719-EA-000,,Canned Foods & Packets,2026-08-03 20:39:34,2026-08-03,54b8fd5296efad86
PaknSave,PAK'nSAVE Highland Park,2a1b331a-fc4a-496a-b072-e97cc8f70cae,canned tomatoes,Tomato & Basil Tuna,1.3,95,g,1kg,13.68,False,5005019-EA-000,,Canned Foods & Packets,2026-08-03 20:39:34,2026-08-03,f81cf1f4772e27cb
PaknSave,PAK'nSAVE Highland Park,2a1b331a-fc4a-496a-b072-e97cc8f70cae,canned tomatoes,Spaghetti In Tomato Sauce,0.99,400,g,100g,0.25,False,5092740-EA-000,,Canned Foods & Packets,2026-08-03 20:39:34,2026-08-03,fb835a0e4ba965c5
PaknSave,PAK'nSAVE Highland Park,2a1b331a-fc4a-496a-b072-e97cc8f70cae,canned tomatoes,Tomato And Basil Tuna,2.39,185,g,1kg,12.92,False,5005018-EA-000,,Canned Foods & Packets,2026-08-03 20:39:34,2026-08-03,07a59855b11e4545
PaknSave,PAK'nSAVE Highland Park,2a1b331a-fc4a-496a-b072-e97cc8f70cae,onion,Leeks,1.99,1,ea,ea,1.99,False,5039985-EA-000,,Vegetables,2026-08-03 20:39:34,2026-08-03,a378ef7ae95b80cb
PaknSave,PAK'nSAVE Highland Park,2a1b331a-fc4a-496a-b072-e97cc8f70cae,onion,Shallots,12.99,1,kg,1kg,12.99,False,5039016-KGM-000,,Vegetables,2026-08-03 20:39:34,2026-08-03,07a5674a8b528cf8
PaknSave,PAK'nSAVE Highland Park,2a1b331a-fc4a-496a-b072-e97cc8f70cae,onion,Brown Onions,13.99,10,kg,1kg,1.4,False,5045845-EA-000,,Vegetables,2026-08-03 20:39:34,2026-08-03,85bab723460c5f57
PaknSave,PAK'nSAVE Highland Park,2a1b331a-fc4a-496a-b072-e97cc8f70cae,onion,Pickling Onions,2.59,1,kg,1kg,2.59,False,5045857-KGM-000,,Vegetables,2026-08-03 20:39:34,2026-08-03,6b51ccc31caeb236
PaknSave,PAK'nSAVE Highland Park,2a1b331a-fc4a-496a-b072-e97cc8f70cae,onion,Peeled Red Onions,2.99,500,g,1kg,5.98,False,5264182-EA-000,,Vegetables,2026-08-03 20:39:34,2026-08-03,aba4e532b9e36c07
PaknSave,PAK'nSAVE Highland Park,2a1b331a-fc4a-496a-b072-e97cc8f70cae,onion,Organic Red Onions,10.99,750,g,1kg,14.65,False,5046869-EA-000,,Vegetables,2026-08-03 20:39:34,2026-08-03,605c09c6904958cf
PaknSave,PAK'nSAVE Highland Park,2a1b331a-fc4a-496a-b072-e97cc8f70cae,carrot,NZ Celery,2.99,1,ea,ea,2.99,False,5046562-EA-000,,Vegetables,2026-08-03 20:39:34,2026-08-03,74e607b278cccb7b
PaknSave,PAK'nSAVE Highland Park,2a1b331a-fc4a-496a-b072-e97cc8f70cae,carrot,Parsnips,5.99,1,kg,1kg,5.99,False,5046568-KGM-000,,Vegetables,2026-08-03 20:39:34,2026-08-03,ee8f4c5757312294
PaknSave,PAK'nSAVE Highland Park,2a1b331a-fc4a-496a-b072-e97cc8f70cae,carrot,Beetroot,4.99,1,kg,1kg,4.99,False,5039953-KGM-000,,Vegetables,2026-08-03 20:39:34,2026-08-03,9574f180c1df168e
PaknSave,PAK'nSAVE Highland Park,2a1b331a-fc4a-496a-b072-e97cc8f70cae,carrot,Organic Carrots,6.79,1,kg,1kg,6.79,False,5040672-EA-000,,Vegetables,2026-08-03 20:39:34,2026-08-03,705ec6a98110e129
PaknSave,PAK'nSAVE Highland Park,2a1b331a-fc4a-496a-b072-e97cc8f70cae,carrot,Yams,5.49,400,g,1kg,13.73,False,5234390-EA-000,,Vegetables,2026-08-03 20:39:34,2026-08-03,84ca31825e6001de
PaknSave,PAK'nSAVE Highland Park,2a1b331a-fc4a-496a-b072-e97cc8f70cae,carrot,Shredded Beetroot,3.79,300,g,1kg,12.63,False,5241266-EA-000,,Vegetables,2026-08-03 20:39:34,2026-08-03,6cc8a2967fe40c0d
PaknSave,PAK'nSAVE Highland Park,2a1b331a-fc4a-496a-b072-e97cc8f70cae,carrot,Rainbow Baby Carrot Bunch,3.49,325,g,1kg,10.74,False,5330904-EA-000,,Vegetables,2026-08-03 20:39:34,2026-08-03,8bb6a6a02f15d747
PaknSave,PAK'nSAVE Highland Park,2a1b331a-fc4a-496a-b072-e97cc8f70cae,carrot,Orange Baby Carrots Bunch,3.49,325,g,1kg,10.74,False,5330903-EA-000,,Vegetables,2026-08-03 20:39:34,2026-08-03,1b1593014dcc3f74
PaknSave,PAK'nSAVE Highland Park,2a1b331a-fc4a-496a-b072-e97cc8f70cae,carrot,Swedes,6.59,1,kg,1kg,6.59,False,5045861-KGM-000,,Vegetables,2026-08-03 20:39:34,2026-08-03,10bfac87a721e351
PaknSave,PAK'nSAVE Highland Park,2a1b331a-fc4a-496a-b072-e97cc8f70cae,carrot,Beetroot,5.59,250,g,1kg,22.36,False,5040603-EA-000,,Vegetables,2026-08-03 20:39:34,2026-08-03,486f83ee571c19f3
PaknSave,PAK'nSAVE Highland Park,2a1b331a-fc4a-496a-b072-e97cc8f70cae,carrot,Radish,4.49,1,pk,1kg,22.45,False,5040500-EA-000,,Vegetables,2026-08-03 20:39:34,2026-08-03,5bac23568f887e87
PaknSave,PAK'nSAVE Highland Park,2a1b331a-fc4a-496a-b072-e97cc8f70cae,garlic,Loose Garlic,39.99,1,kg,1kg,39.99,False,5046565-KGM-000,,Fresh Salad & Herbs,2026-08-03 20:39:34,2026-08-03,3af26fe6cddc4510
PaknSave,PAK'nSAVE Highland Park,2a1b331a-fc4a-496a-b072-e97cc8f70cae,garlic,Garlic,2.49,7,pk,ea,0.36,False,5046145-EA-000,,Fresh Salad & Herbs,2026-08-03 20:39:34,2026-08-03,2dee38bb18b73265
PaknSave,PAK'nSAVE Highland Park,2a1b331a-fc4a-496a-b072-e97cc8f70cae,garlic,Peeled Garlic,4.29,500,g,1kg,8.58,False,5046757-EA-000,,Fresh Salad & Herbs,2026-08-03 20:39:34,2026-08-03,87b7707b04edeca8
PaknSave,PAK'nSAVE Highland Park,2a1b331a-fc4a-496a-b072-e97cc8f70cae,garlic,Ginger,6.99,1,kg,1kg,6.99,False,5046576-KGM-000,,"Spices, Seasoning & Coatings",2026-08-03 20:39:34,2026-08-03,30be0cc74856f011
PaknSave,PAK'nSAVE Highland Park,2a1b331a-fc4a-496a-b072-e97cc8f70cae,garlic,Crushed Ginger,2.29,230,g,1kg,9.96,False,5040573-EA-000,,"Spices, Seasoning & Coatings",2026-08-03 20:39:34,2026-08-03,b49a8d121b8f0fd0
PaknSave,PAK'nSAVE Highland Park,2a1b331a-fc4a-496a-b072-e97cc8f70cae,garlic,Par-Baked Garlic Buffet Rolls,5.49,12,pk,ea,0.46,False,5033485-EA-000,,"Burger Buns, Rolls & Garlic Bread",2026-08-03 20:39:34,2026-08-03,b46213b625f7a1ac
PaknSave,PAK'nSAVE Highland Park,2a1b331a-fc4a-496a-b072-e97cc8f70cae,garlic,Garlic,4.99,200,g,1kg,24.95,False,5046273-EA-000,,Fresh Salad & Herbs,2026-08-03 20:39:34,2026-08-03,6ce4b9cbb58e165c
PaknSave,PAK'nSAVE Highland Park,2a1b331a-fc4a-496a-b072-e97cc8f70cae,garlic,Garlic Naan Bread,5.49,2,pk,ea,2.75,False,5221912-EA-000,,"Chilled Pasta, Pizza & Garlic Bread",2026-08-03 20:39:34,2026-08-03,b5b65f81cee1f5ae
